Player,Squad,fw_post,fw_role,Rk,Nation,Pos,Age,Born,MP,Starts,Min,90s,Gls,Ast,G+A,G-PK,PK,PKatt,CrdY,CrdR,xG,npxG,xAG,npxG+xAG,PrgC,PrgP,PrgR,Gls.1,Ast.1,G+A.1,G-PK.1,G+A-PK,xG.1,xAG.1,xG+xAG,npxG.1,npxG+xAG.1,Unnamed: 38,Gls.2,Sh,SoT,SoT%,Sh/90,SoT/90,G/Sh,G/SoT,Dist,FK,PK.1,PKatt.1,xG.2,npxG.2,npxG/Sh,G-xG,np:G-xG,Unnamed: 56,Pass_Cmp,Pass_Att,Pass_Cmp%,TotDist,PrgDist,Pass_Short_Cmp,Pass_Short_Att,Pass_Short_Cmp%,Pass_Med_Cmp,Pass_Med_Att,Pass_Med_Cmp%,Pass_Long_Cmp,Pass_Long_Att,Pass_Long_Cmp%,Ast.2,xAG.2,xA,A-xAG,KP,FinalThird_Pass,PPA,CrsPA,PrgP.1,Unnamed: 80,PassType_Att,Pass_Live,Pass_Dead,Pass_FK,Pass_TB,Pass_Switch,Pass_Cross,Pass_TI,Pass_CK,Corner_In,Corner_Out,Corner_Straight,Pass_Cmp.1,Pass_Offside,Pass_Blocked,Unnamed: 96,SCA,SCA90,SCA_PassLive,SCA_PassDead,SCA_TO,SCA_Shot,SCA_Fld,SCA_Def,GCA,GCA90,GCA_PassLive,GCA_PassDead,GCA_TO,GCA_Shot,GCA_Fld,GCA_Def,Unnamed: 113,Tackles,Tackles_Won,Tackles_Def3rd,Tackles_Mid3rd,Tackles_Att3rd,Dribblers_Tackled,Dribblers_Challenged,Dribblers_Tackled_%,Challenges_Lost,Blocks_Total,Shots_Blocked,Passes_Blocked,Interceptions,Tackles_Interceptions,Clearances,Errors_LeadingShot,Unnamed: 130,Touches,Touches_DefPen,Touches_Def3rd,Touches_Mid3rd,Touches_Att3rd,Touches_AttPen,Touches_Live,TakeOn_Att,TakeOn_Succ,TakeOn_Succ%,TakeOn_Tackled,TakeOn_Tackled%,Carries,Carry_TotDist,Carry_PrgDist,PrgC.1,Carry_FinalThird,Carry_PenArea,Miscontrols,Dispossessed,Rec,PrgR.1,Unnamed: 153,CrdY.1,CrdR.1,2CrdY,Fls,Fld,Offsides,Crs,Interceptions.1,Tackles_Won.1,PKwon,PKcon,OG,Recoveries,Aerials_Won,Aerials_Lost,Aerials_Won%,Min_num,minutes_flag,fw_post_score_raw,fw_post_rating_0100,fw_role_score_raw,fw_role_rating_0100,fw_role_rating_shrunk_0100,n_post,n_role,role_sample_flag
Leandro Trossard,arsenal,NON_ST,WIDE_WINGER,22,be BEL,FW,29.0,1994.0,38,28,2546,28.3,0.28,0.25,0.53,0.28,0.0,0.0,0.14,0.04,0.25,0.25,0.22,0.47,2.83,3.57,7.99,0.28,0.25,0.53,0.28,0.53,0.25,0.22,0.47,0.25,0.47,FW,0.28,2.54,0.74,29.2,2.55,0.74,0.11,0.38,15.9,0.0,0.0,0.0,0.25,0.25,0.1,0.03,0.03,,25.1,33.7,74.5,404.1,105.0,13.3,15.5,85.9,9.72,12.6,77.0,1.52,3.07,49.4,0.25,0.22,0.14,0.03,1.45,1.59,1.7,0.35,3.57,,33.7,32.4,1.02,0.18,0.25,0.18,3.04,0.25,0.35,0.32,0.0,0.0,25.1,0.28,1.45,,3.29,3.29,2.54,0.07,0.25,0.21,0.14,0.07,0.28,0.28,0.28,0.0,0.0,0.0,0.0,0.0,,1.1,0.71,0.21,0.57,0.32,0.42,1.2,35.3,0.78,1.13,0.0,1.13,0.32,1.41,0.64,0.0,,45.2,0.6,4.77,14.1,26.9,5.58,45.2,3.04,1.34,44.2,1.31,43.0,29.3,177.5,78.4,2.83,1.94,1.06,2.33,1.84,33.8,7.99,,0.14,0.04,0.04,0.95,1.63,0.21,3.04,0.32,0.71,0.0,0.0,0.0,3.67,0.21,0.85,20.0,2546,OK,0.02867661383467387,56.81818181818182,0.11226479666258671,61.111111111111114,59.57792207792208,44.0,18.0,OK
Reiss Nelson,arsenal,ST,ST_FINISHER,23,eng ENG,FW,24.0,1999.0,1,0,3,0.0,0.0,0.0,0.0,0.0,0.0,0.0,0.0,0.0,0.0,0.0,0.0,0.0,0.0,0.0,0.0,0.0,0.0,0.0,0.0,0.0,0.0,0.0,0.0,0.0,0.0,FW,0.0,0.0,0.0,,0.0,0.0,,,,0.0,0.0,0.0,0.0,0.0,,0.0,0.0,,0.0,0.0,,0.0,0.0,0.0,0.0,,0.0,0.0,,0.0,0.0,,0.0,0.0,0.0,0.0,0.0,0.0,0.0,0.0,0.0,,0.0,0.0,0.0,0.0,0.0,0.0,0.0,0.0,0.0,0.0,0.0,0.0,0.0,0.0,0.0,,0.0,0.0,0.0,0.0,0.0,0.0,0.0,0.0,0.0,0.0,0.0,0.0,0.0,0.0,0.0,0.0,,1.0,0.0,0.0,1.0,0.0,0.0,1.0,0.0,1.0,0.0,0.0,0.0,0.0,1.0,1.0,0.0,,2.0,0.0,1.0,1.0,0.0,0.0,2.0,0.0,0.0,,0.0,,1.0,4.0,4.0,0.0,0.0,0.0,0.0,0.0,1.0,0.0,,0.0,0.0,0.0,1.0,1.0,0.0,0.0,0.0,0.0,0.0,0.0,0.0,0.0,0.0,0.0,,3,LOW_MIN,-1.3743832835827818,9.75609756097561,-1.185083177198177,13.333333333333334,12.439024390243903,41.0,30.0,OK
Nathan Butler-Oyedeji,arsenal,ST,ST_FINISHER,25,eng ENG,FW,21.0,2003.0,1,0,7,0.1,0.0,0.0,0.0,0.0,0.0,0.0,0.0,0.0,1.0,1.0,0.0,1.0,0.0,0.0,0.0,0.0,0.0,0.0,0.0,0.0,0.94,0.0,0.94,0.94,0.94,FW,0.0,10.0,10.0,100.0,12.86,12.86,0.0,0.0,15.6,0.0,0.0,0.0,1.0,1.0,0.07,-1.0,-1.0,,0.0,0.0,,0.0,0.0,0.0,0.0,,0.0,0.0,,0.0,0.0,,0.0,0.0,0.0,0.0,0.0,0.0,0.0,0.0,0.0,,0.0,0.0,0.0,0.0,0.0,0.0,0.0,0.0,0.0,0.0,0.0,0.0,0.0,0.0,0.0,,0.0,0.0,0.0,0.0,0.0,0.0,0.0,0.0,0.0,0.0,0.0,0.0,0.0,0.0,0.0,0.0,,0.0,0.0,0.0,0.0,0.0,0.0,0.0,,0.0,0.0,0.0,0.0,0.0,0.0,0.0,0.0,,10.0,0.0,0.0,0.0,10.0,10.0,10.0,0.0,0.0,,0.0,,0.0,0.0,0.0,0.0,0.0,0.0,0.0,0.0,0.0,0.0,,0.0,0.0,0.0,0.0,0.0,0.0,0.0,0.0,0.0,0.0,0.0,0.0,0.0,0.0,0.0,,7,LOW_MIN,-0.5062063155296209,21.951219512195124,-0.33833491252414766,30.0,27.98780487804878,41.0,30.0,OK
Gabriel Jesus,arsenal,NON_ST,INSIDE_FORWARD,24,br BRA,FW,27.0,1997.0,17,6,608,6.8,0.44,0.0,0.44,0.44,0.0,0.0,0.59,0.0,0.44,0.44,0.1,0.54,2.21,2.79,8.38,0.44,0.0,0.44,0.44,0.44,0.44,0.1,0.54,0.44,0.54,FW,0.44,2.94,1.03,35.0,2.96,1.04,0.15,0.43,11.1,0.0,0.0,0.0,0.44,0.44,0.15,0.0,0.0,,22.9,29.9,76.8,298.5,55.6,15.1,18.8,80.5,6.03,6.91,87.2,0.59,0.88,66.7,0.0,0.1,0.07,-0.1,1.18,1.47,1.32,0.15,2.79,,29.9,29.0,0.44,0.0,0.15,0.0,1.03,0.44,0.0,0.0,0.0,0.0,22.9,0.44,1.76,,2.65,2.66,1.47,0.0,0.15,0.74,0.15,0.15,0.59,0.59,0.15,0.0,0.0,0.44,0.0,0.0,,1.47,0.88,0.59,0.44,0.44,0.59,1.32,44.4,0.74,1.47,0.15,1.32,0.59,2.06,1.18,0.0,,44.0,1.32,4.12,15.9,24.3,7.06,44.0,3.24,1.32,40.9,1.47,45.5,26.3,140.1,63.5,2.21,0.88,1.62,1.91,1.91,31.9,8.38,,0.59,0.0,0.0,2.06,1.47,1.32,1.03,0.59,0.88,0.0,0.0,0.0,4.12,1.32,2.65,33.3,608,LOW_MIN,-0.13784153709648603,43.18181818181818,-0.12492923895036831,46.15384615384615,45.32828282828283,44.0,26.0,OK
Ollie Watkins,aston villa,ST,ST_RUNNER,50,eng ENG,FW,28.0,1995.0,38,31,2598,28.9,0.55,0.28,0.83,0.48,0.07,0.07,0.07,0.0,0.53,0.48,0.11,0.59,1.9,1.07,5.71,0.55,0.28,0.83,0.48,0.76,0.53,0.12,0.65,0.48,0.59,FW,0.55,2.84,1.25,43.9,2.84,1.25,0.17,0.39,12.1,0.0,0.07,0.07,0.53,0.48,0.17,0.02,0.01,,10.6,14.7,72.4,135.5,22.7,6.64,8.51,78.0,2.94,3.81,77.3,0.31,0.45,69.2,0.28,0.11,0.07,0.16,0.83,0.42,0.45,0.0,1.07,,14.7,14.4,0.21,0.0,0.03,0.03,0.24,0.0,0.0,0.0,0.0,0.0,10.6,0.1,0.59,,1.83,1.84,1.25,0.0,0.14,0.24,0.21,0.0,0.42,0.42,0.28,0.0,0.03,0.03,0.07,0.0,,0.35,0.24,0.0,0.21,0.14,0.1,0.38,27.3,0.28,0.38,0.1,0.28,0.28,0.62,0.52,0.07,,24.0,0.62,1.73,8.58,14.1,5.81,24.0,1.42,0.35,24.4,0.93,65.9,14.2,77.6,38.9,1.9,0.73,1.31,2.08,1.73,19.1,5.71,,0.07,0.0,0.0,1.0,1.14,0.55,0.24,0.28,0.24,0.07,0.0,0.0,1.49,1.8,2.46,42.3,2598,OK,0.6321018390868809,85.36585365853658,-0.09648029721809218,28.57142857142857,61.979913916786224,41.0,7.0,OK
Donyell Malen,aston villa,NON_ST,INSIDE_FORWARD,52,nl NED,FW,25.0,1999.0,14,2,305,3.4,0.88,0.0,0.88,0.88,0.0,0.0,0.0,0.0,0.65,0.65,0.06,0.71,3.53,1.76,8.82,0.89,0.0,0.89,0.89,0.89,0.64,0.05,0.69,0.64,0.69,FW,0.88,4.41,2.65,60.0,4.43,2.66,0.2,0.33,15.2,0.0,0.0,0.0,0.65,0.65,0.14,0.24,0.24,,15.6,22.6,68.8,209.4,42.4,9.71,11.8,82.5,4.12,5.59,73.7,0.88,2.06,42.9,0.0,0.06,0.06,-0.06,0.88,0.59,0.59,0.0,1.76,,22.6,20.9,1.47,0.0,0.0,0.59,2.35,0.29,0.0,0.0,0.0,0.0,15.6,0.29,0.88,,1.76,1.76,1.47,0.0,0.29,0.0,0.0,0.0,0.0,0.0,0.0,0.0,0.0,0.0,0.0,0.0,,2.06,1.18,0.88,0.88,0.29,0.29,1.18,25.0,0.88,0.59,0.0,0.59,0.0,2.06,0.29,0.0,,37.9,0.59,2.65,9.71,27.6,7.35,37.9,3.24,1.18,36.4,1.47,45.5,23.2,191.8,108.8,3.53,2.06,2.06,2.35,2.06,25.6,8.82,,0.0,0.0,0.0,0.29,1.47,0.59,2.35,0.0,1.18,0.0,0.0,0.0,2.65,1.18,1.18,50.0,305,LOW_MIN,0.29622947411374173,79.54545454545455,0.28165366408142023,69.23076923076923,72.09595959595958,44.0,26.0,OK
Marcus Rashford,aston villa,NON_ST,INSIDE_FORWARD,51,eng ENG,FW,26.0,1997.0,10,4,444,4.9,0.41,0.41,0.82,0.2,0.2,0.2,0.0,0.0,0.63,0.47,0.47,0.92,4.49,2.65,8.57,0.41,0.41,0.81,0.2,0.61,0.62,0.46,1.08,0.46,0.92,FW,0.41,3.67,1.02,27.8,3.65,1.01,0.06,0.2,19.4,0.41,0.2,0.2,0.63,0.47,0.13,-0.22,-0.27,,23.9,33.5,71.3,361.6,91.2,13.7,15.7,87.0,7.35,9.59,76.6,1.84,5.1,36.0,0.41,0.47,0.43,-0.06,2.65,0.41,1.84,0.41,2.65,,33.5,27.3,5.92,1.02,0.61,0.2,5.71,0.2,4.29,3.06,0.0,0.0,23.9,0.2,1.84,,5.51,5.49,2.86,1.02,0.61,0.41,0.61,0.0,0.61,0.61,0.41,0.0,0.0,0.2,0.0,0.0,,2.04,1.43,0.41,0.61,1.02,0.82,1.22,66.7,0.41,0.41,0.0,0.41,0.2,2.24,0.61,0.0,,46.3,0.41,2.86,11.8,32.4,6.12,46.1,4.49,1.84,40.9,2.65,59.1,25.9,182.0,96.1,4.49,2.04,3.06,1.63,0.2,30.4,8.57,,0.0,0.0,0.0,0.2,0.61,0.2,5.71,0.2,1.43,0.0,0.0,0.0,2.86,0.2,1.63,11.1,444,LOW_MIN,0.900847874369005,100.0,1.007677529412743,100.0,100.0,44.0,26.0,OK
Jáder Durán,aston villa,ST,ST_RUNNER,53,co COL,FW,20.0,2003.0,20,4,638,7.1,0.99,0.0,0.99,0.99,0.0,0.0,0.42,0.14,0.69,0.69,0.03,0.72,0.99,1.83,6.2,0.99,0.0,0.99,0.99,0.99,0.69,0.03,0.71,0.69,0.71,FW,0.99,4.37,2.11,48.4,4.37,2.12,0.23,0.47,15.6,0.0,0.0,0.0,0.69,0.69,0.16,0.3,0.3,,16.2,23.0,70.6,219.4,43.2,9.58,11.8,81.0,4.79,7.04,68.0,0.7,1.55,45.5,0.0,0.03,0.04,-0.03,0.56,1.41,0.14,0.0,1.83,,23.0,21.8,0.99,0.0,0.28,0.0,0.42,0.0,0.0,0.0,0.0,0.0,16.2,0.14,0.56,,2.54,2.54,1.27,0.0,0.0,0.56,0.42,0.28,0.14,0.14,0.0,0.0,0.0,0.0,0.0,0.14,,1.13,0.99,0.14,0.28,0.7,0.14,0.56,25.0,0.42,0.7,0.0,0.7,0.0,1.13,1.83,0.0,,37.0,1.83,5.07,15.5,17.2,6.62,37.0,1.97,0.42,21.4,1.27,64.3,18.7,75.4,37.6,0.99,0.99,0.28,2.25,2.11,27.0,6.2,,0.42,0.14,0.0,1.97,2.11,0.7,0.42,0.0,0.99,0.0,0.0,0.0,2.68,2.68,2.68,50.0,638,LOW_MIN,0.9189127060067629,92.6829268292683,0.5373849570380022,100.0,95.69583931133428,41.0,7.0,OK
Zain Silcott-Duberry,bournemouth,ST,ST_FINISHER,77,ms MSR,FW,19.0,2005.0,1,0,1,0.0,0.0,0.0,0.0,0.0,0.0,0.0,0.0,0.0,0.0,0.0,0.0,0.0,0.0,0.0,0.0,0.0,0.0,0.0,0.0,0.0,0.0,0.0,0.0,0.0,0.0,FW,0.0,0.0,0.0,,0.0,0.0,,,,0.0,0.0,0.0,0.0,0.0,,0.0,0.0,,1.0,2.0,50.0,25.0,0.0,0.0,0.0,,1.0,1.0,100.0,0.0,0.0,,0.0,0.0,0.0,0.0,0.0,0.0,0.0,0.0,0.0,,2.0,2.0,0.0,0.0,0.0,0.0,0.0,0.0,0.0,0.0,0.0,0.0,1.0,0.0,1.0,,0.0,0.0,0.0,0.0,0.0,0.0,0.0,0.0,0.0,0.0,0.0,0.0,0.0,0.0,0.0,0.0,,1.0,1.0,0.0,0.0,1.0,1.0,1.0,100.0,0.0,0.0,0.0,0.0,0.0,1.0,0.0,0.0,,3.0,0.0,1.0,0.0,2.0,0.0,3.0,0.0,0.0,,0.0,,1.0,6.0,6.0,0.0,0.0,0.0,0.0,0.0,2.0,0.0,,0.0,0.0,0.0,0.0,0.0,0.0,0.0,0.0,1.0,0.0,0.0,0.0,0.0,0.0,1.0,0.0,1,LOW_MIN,-1.4098399152236611,7.317073170731707,-1.218556635366202,10.0,9.329268292682926,41.0,30.0,OK
Remy Rees-Dottin,bournemouth,ST,ST_FINISHER,79,eng ENG,FW,18.0,2006.0,1,0,1,0.0,0.0,0.0,0.0,0.0,0.0,0.0,0.0,0.0,0.0,0.0,0.0,0.0,0.0,0.0,0.0,0.0,0.0,0.0,0.0,0.0,0.0,0.0,0.0,0.0,0.0,FW,0.0,0.0,0.0,,0.0,0.0,,,,0.0,0.0,0.0,0.0,0.0,,0.0,0.0,,0.0,0.0,,0.0,0.0,0.0,0.0,,0.0,0.0,,0.0,0.0,,0.0,0.0,0.0,0.0,0.0,0.0,0.0,0.0,0.0,,0.0,0.0,0.0,0.0,0.0,0.0,0.0,0.0,0.0,0.0,0.0,0.0,0.0,0.0,0.0,,0.0,0.0,0.0,0.0,0.0,0.0,0.0,0.0,0.0,0.0,0.0,0.0,0.0,0.0,0.0,0.0,,0.0,0.0,0.0,0.0,0.0,0.0,0.0,,0.0,0.0,0.0,0.0,0.0,0.0,0.0,0.0,,0.0,0.0,0.0,0.0,0.0,0.0,0.0,0.0,0.0,,0.0,,0.0,0.0,0.0,0.0,0.0,0.0,0.0,0.0,0.0,0.0,,0.0,0.0,0.0,0.0,0.0,0.0,0.0,0.0,0.0,0.0,0.0,0.0,0.0,0.0,0.0,,1,LOW_MIN,-1.4529891441021991,2.4390243902439024,-1.2649305406108569,3.3333333333333335,3.1097560975609757,41.0,30.0,OK
Dango Ouattara,bournemouth,NON_ST,WIDE_WINGER,80,bf BFA,FW,22.0,2002.0,32,21,2005,22.3,0.31,0.18,0.49,0.31,0.0,0.0,0.13,0.0,0.38,0.38,0.25,0.62,3.54,1.93,8.57,0.31,0.18,0.49,0.31,0.49,0.38,0.25,0.62,0.38,0.62,FW,0.31,2.78,0.9,32.3,2.78,0.9,0.11,0.35,13.5,0.04,0.0,0.0,0.38,0.38,0.14,-0.06,-0.06,,16.5,27.4,60.0,256.7,76.5,9.42,12.9,72.9,5.38,8.65,62.2,1.12,3.0,37.3,0.18,0.25,0.15,-0.07,1.57,0.94,1.17,0.49,1.93,,27.4,26.0,1.35,0.0,0.22,0.22,3.95,1.17,0.13,0.04,0.0,0.0,16.5,0.13,0.99,,3.23,3.23,2.56,0.0,0.13,0.45,0.04,0.04,0.27,0.27,0.18,0.0,0.04,0.04,0.0,0.0,,1.57,1.17,0.63,0.49,0.45,0.76,1.84,41.5,1.08,1.61,0.45,1.17,0.49,2.06,2.29,0.0,,43.0,2.78,7.4,14.2,22.3,5.74,43.0,3.68,1.75,47.6,1.52,41.5,22.1,160.4,79.7,3.54,1.57,1.7,2.83,1.43,25.9,8.57,,0.13,0.0,0.0,0.72,0.85,0.63,3.95,0.49,1.17,0.0,0.0,0.0,4.13,2.02,2.83,41.7,2005,OK,0.2559307512251184,72.72727272727273,0.5097185363195892,88.88888888888889,83.11688311688312,44.0,18.0,OK
Evanilson,bournemouth,ST,ST_FINISHER,82,br BRA,FW,24.0,1999.0,31,28,2319,25.8,0.39,0.04,0.43,0.39,0.0,0.04,0.04,0.04,0.48,0.45,0.07,0.53,1.12,1.09,3.84,0.39,0.04,0.43,0.39,0.43,0.48,0.07,0.56,0.45,0.53,FW,0.39,2.79,1.2,43.1,2.79,1.2,0.14,0.32,12.8,0.0,0.0,0.04,0.48,0.45,0.16,-0.1,-0.07,,9.46,13.3,71.3,117.8,24.1,5.97,7.83,76.2,2.09,2.79,75.0,0.43,0.62,68.8,0.04,0.07,0.07,-0.03,1.01,0.54,0.23,0.0,1.09,,13.3,13.1,0.16,0.04,0.16,0.16,0.0,0.0,0.0,0.0,0.0,0.0,9.46,0.04,0.43,,2.36,2.37,1.51,0.0,0.12,0.39,0.35,0.0,0.31,0.31,0.08,0.0,0.04,0.04,0.16,0.0,,0.62,0.39,0.23,0.19,0.19,0.31,0.47,66.7,0.16,0.43,0.08,0.35,0.04,0.66,0.81,0.0,,21.6,0.89,2.17,8.06,11.6,4.92,21.6,0.81,0.27,33.3,0.31,38.1,12.9,70.6,33.4,1.12,0.7,0.58,1.47,0.93,15.5,3.84,,0.04,0.04,0.0,1.43,2.05,0.78,0.0,0.04,0.39,0.19,0.0,0.0,2.6,1.63,2.4,40.4,2319,OK,0.18189661792126266,53.65853658536586,0.49279072824375997,73.33333333333333,68.41463414634147,41.0,30.0,OK
Antoine Semenyo,bournemouth,NON_ST,INSIDE_FORWARD,78,gh GHA,FW,24.0,2000.0,37,36,3203,35.6,0.31,0.14,0.45,0.31,0.0,0.0,0.25,0.0,0.28,0.28,0.16,0.44,3.93,3.06,7.92,0.31,0.14,0.45,0.31,0.45,0.28,0.16,0.44,0.28,0.44,FW,0.31,3.51,1.12,32.0,3.51,1.12,0.09,0.28,17.0,0.0,0.0,0.0,0.28,0.28,0.08,0.03,0.03,,23.1,31.4,73.4,327.9,81.9,14.1,16.5,85.5,7.08,9.38,75.4,1.04,2.72,38.1,0.14,0.16,0.12,-0.02,1.29,1.38,1.26,0.22,3.06,,31.4,29.5,1.69,0.11,0.25,0.17,1.66,1.49,0.08,0.0,0.03,0.0,23.1,0.28,1.12,,3.71,3.71,2.39,0.11,0.59,0.42,0.14,0.06,0.37,0.37,0.2,0.03,0.06,0.03,0.06,0.0,,1.54,0.98,0.48,0.7,0.37,0.45,1.21,37.2,0.76,1.88,0.25,1.63,0.31,1.85,1.1,0.06,,46.4,1.29,5.79,16.1,25.5,5.37,46.4,3.79,1.94,51.1,1.6,42.2,27.5,206.5,100.6,3.93,1.94,1.88,2.36,2.16,32.0,7.92,,0.25,0.0,0.0,2.05,1.04,0.42,1.66,0.31,0.98,0.03,0.0,0.0,4.44,1.85,2.13,46.5,3203,OK,-0.042804389451320375,47.72727272727273,0.012226128761733714,61.53846153846154,57.7020202020202,44.0,26.0,OK
Daniel Jebbison,bournemouth,NON_ST,INSIDE_FORWARD,81,ca CAN,FW,20.0,2003.0,16,0,119,1.3,0.77,0.0,0.77,0.77,0.0,0.0,0.77,0.0,0.77,0.77,0.15,0.92,3.08,2.31,12.3,0.76,0.0,0.76,0.76,0.76,0.75,0.15,0.9,0.75,0.9,FW,0.77,3.85,1.54,40.0,3.78,1.51,0.2,0.5,10.6,0.0,0.0,0.0,0.77,0.77,0.2,0.0,0.0,,25.4,32.3,78.6,277.7,33.8,16.2,17.7,91.3,2.31,3.85,60.0,0.77,1.54,50.0,0.0,0.15,0.08,-0.15,2.31,0.77,0.77,0.0,2.31,,32.3,32.3,0.0,0.0,0.0,0.0,2.31,0.0,0.0,0.0,0.0,0.0,25.4,0.0,0.77,,4.62,4.54,3.08,0.0,0.77,0.0,0.77,0.0,0.0,0.0,0.0,0.0,0.0,0.0,0.0,0.0,,3.85,2.31,2.31,1.54,0.0,3.08,4.62,66.7,1.54,1.54,0.77,0.77,0.77,4.62,0.77,0.0,,60.0,2.31,7.69,19.2,33.8,10.8,60.0,5.38,3.08,57.1,2.31,42.9,33.8,213.1,73.1,3.08,1.54,3.85,10.0,3.85,36.2,12.3,,0.77,0.0,0.0,1.54,3.08,0.0,2.31,0.77,2.31,0.0,0.0,0.0,7.69,1.54,7.69,16.7,119,LOW_MIN,0.7051607605310337,93.18181818181817,0.6380099792683297,92.3076923076923,92.55050505050505,44.0,26.0,OK
Kevin Schade,brentford,NON_ST,INSIDE_FORWARD,109,de GER,FW,22.0,2001.0,38,26,2293,25.5,0.43,0.08,0.51,0.43,0.0,0.0,0.12,0.0,0.32,0.32,0.15,0.47,2.39,1.49,6.47,0.43,0.08,0.51,0.43,0.51,0.32,0.14,0.47,0.32,0.47,FW,0.43,2.16,1.06,49.1,2.16,1.06,0.2,0.41,11.5,0.0,0.0,0.0,0.32,0.32,0.15,0.11,0.11,,12.7,21.2,59.7,193.3,54.5,7.25,10.4,69.8,4.35,7.06,61.7,0.71,1.69,41.9,0.08,0.15,0.07,-0.07,0.9,1.25,0.43,0.12,1.49,,21.2,18.9,2.24,0.0,0.04,0.16,1.49,2.12,0.0,0.0,0.0,0.0,12.7,0.04,0.78,,2.24,2.24,1.37,0.24,0.24,0.16,0.2,0.04,0.35,0.35,0.2,0.0,0.04,0.12,0.0,0.0,,1.53,0.98,0.67,0.39,0.47,0.51,0.9,56.5,0.39,0.75,0.16,0.59,0.2,1.73,1.33,0.0,,34.6,1.69,6.04,9.33,19.9,5.73,34.6,3.49,1.18,33.7,2.04,58.4,17.0,121.0,53.2,2.39,1.1,1.49,2.35,1.41,21.3,6.47,,0.12,0.0,0.0,0.82,1.49,0.51,1.49,0.2,0.98,0.04,0.0,0.0,3.25,3.53,3.14,52.9,2293,OK,-0.1145738186557221,45.45454545454545,-0.06988650626498814,53.84615384615385,51.515151515151516,44.0,26.0,OK
Yoane Wissa,brentford,ST,ST_RUNNER,108,cd COD,FW,27.0,1996.0,35,34,2919,32.4,0.59,0.12,0.71,0.59,0.0,0.0,0.15,0.0,0.57,0.57,0.08,0.65,1.85,2.07,4.75,0.59,0.12,0.71,0.59,0.71,0.57,0.08,0.65,0.57,0.65,FW,0.59,2.78,1.27,45.6,2.77,1.26,0.21,0.46,13.2,0.0,0.0,0.0,0.57,0.57,0.21,0.02,0.02,,13.9,18.1,76.5,200.3,49.9,8.77,10.2,85.8,3.83,5.12,74.7,0.86,1.51,57.1,0.12,0.08,0.06,0.04,0.83,1.36,0.4,0.03,2.07,,18.1,17.0,1.02,0.12,0.15,0.03,0.62,0.06,0.03,0.0,0.0,0.0,13.9,0.09,0.71,,2.13,2.13,1.23,0.03,0.12,0.4,0.31,0.03,0.31,0.31,0.25,0.0,0.0,0.03,0.03,0.0,,0.68,0.37,0.19,0.25,0.25,0.34,0.83,40.7,0.49,0.9,0.25,0.65,0.25,0.93,0.65,0.09,,28.5,1.05,4.2,11.6,13.3,5.03,28.5,1.51,0.46,30.6,0.74,49.0,17.0,107.1,51.3,1.85,0.8,1.05,2.38,1.08,20.3,4.75,,0.15,0.0,0.0,1.05,1.57,0.43,0.62,0.25,0.37,0.03,0.0,0.0,2.5,0.93,1.11,45.5,2919,OK,0.6112698959518452,78.04878048780488,-0.04273481052390248,42.857142857142854,63.55810616929699,41.0,7.0,OK
Bryan Mbeumo,brentford,NON_ST,WIDE_WINGER,110,cm CMR,FW,24.0,1999.0,38,38,3414,37.9,0.53,0.18,0.71,0.4,0.13,0.16,0.08,0.0,0.32,0.2,0.22,0.42,3.43,3.72,9.26,0.53,0.18,0.71,0.4,0.58,0.32,0.22,0.54,0.2,0.42,FW,0.53,2.08,0.9,43.0,2.08,0.9,0.19,0.44,17.9,0.16,0.13,0.16,0.32,0.2,0.1,0.2,0.2,,23.0,34.8,66.1,366.8,114.1,12.6,15.9,79.1,8.26,11.6,71.0,1.79,4.83,37.2,0.18,0.22,0.25,-0.03,1.85,1.66,1.56,0.5,3.72,,34.8,30.7,3.93,1.06,0.34,0.24,5.33,0.45,2.3,1.85,0.05,0.0,23.0,0.21,1.32,,3.8,3.8,2.59,0.61,0.29,0.21,0.11,0.0,0.53,0.53,0.29,0.08,0.05,0.08,0.03,0.0,,1.29,0.82,0.47,0.4,0.42,0.55,0.92,60.0,0.37,0.69,0.08,0.61,0.37,1.66,1.45,0.03,,47.0,1.64,6.49,15.0,26.3,4.43,46.8,2.93,1.37,46.8,1.24,42.3,28.4,177.3,92.8,3.43,1.82,1.98,2.8,1.24,31.8,9.26,,0.08,0.0,0.0,0.66,1.16,0.29,5.33,0.37,0.82,0.0,0.0,0.0,4.12,0.9,1.95,31.5,3414,OK,0.29441028186499485,75.0,0.3376754021605083,83.33333333333334,80.35714285714286,44.0,18.0,OK
Danny Welbeck,brighton,ST,ST_FINISHER,140,eng ENG,FW,33.0,1990.0,30,24,2115,23.5,0.43,0.17,0.6,0.38,0.04,0.04,0.21,0.0,0.41,0.37,0.06,0.43,0.89,2.0,4.04,0.43,0.17,0.6,0.38,0.55,0.41,0.06,0.46,0.37,0.43,FW,0.43,2.51,0.98,39.0,2.51,0.98,0.15,0.39,15.3,0.38,0.04,0.04,0.41,0.37,0.15,0.02,0.01,,17.7,20.9,84.9,210.0,42.9,11.8,13.4,87.7,3.87,4.47,86.7,0.47,0.51,91.7,0.17,0.06,0.06,0.11,0.98,0.77,0.6,0.0,2.0,,20.9,20.1,0.77,0.09,0.0,0.0,0.13,0.09,0.0,0.0,0.0,0.0,17.7,0.04,0.55,,2.26,2.26,1.66,0.04,0.13,0.17,0.26,0.0,0.34,0.34,0.3,0.0,0.0,0.04,0.0,0.0,,1.11,0.68,0.26,0.64,0.21,0.34,0.85,40.0,0.51,0.81,0.17,0.64,0.21,1.32,0.6,0.0,,30.9,0.77,2.47,13.5,15.1,4.34,30.9,1.57,0.55,35.1,0.89,56.8,19.1,87.9,37.9,0.89,0.98,0.34,2.09,1.19,23.3,4.04,,0.21,0.0,0.0,0.47,0.98,0.17,0.13,0.21,0.68,0.0,0.0,0.0,1.96,0.72,1.36,34.7,2115,OK,0.3397642095487057,65.85365853658537,0.6895666199086484,86.66666666666667,81.46341463414635,41.0,30.0,OK
Harry Howell,brighton,NON_ST,INSIDE_FORWARD,141,eng ENG,FW,15.0,2008.0,1,0,7,0.1,0.0,0.0,0.0,0.0,0.0,0.0,0.0,0.0,0.0,0.0,0.0,0.0,0.0,0.0,30.0,0.0,0.0,0.0,0.0,0.0,0.0,0.0,0.0,0.0,0.0,FW,0.0,0.0,0.0,,0.0,0.0,,,,0.0,0.0,0.0,0.0,0.0,,0.0,0.0,,80.0,90.0,88.9,1000.0,80.0,40.0,40.0,100.0,30.0,40.0,75.0,0.0,0.0,,0.0,0.0,1.0,0.0,0.0,0.0,0.0,0.0,0.0,,90.0,90.0,0.0,0.0,0.0,0.0,0.0,0.0,0.0,0.0,0.0,0.0,80.0,0.0,0.0,,0.0,0.0,0.0,0.0,0.0,0.0,0.0,0.0,0.0,0.0,0.0,0.0,0.0,0.0,0.0,0.0,,10.0,10.0,10.0,0.0,0.0,10.0,20.0,50.0,10.0,10.0,0.0,10.0,0.0,10.0,0.0,0.0,,120.0,10.0,10.0,70.0,40.0,30.0,120.0,0.0,0.0,,0.0,,90.0,480.0,80.0,0.0,0.0,10.0,0.0,0.0,100.0,30.0,,0.0,0.0,0.0,0.0,0.0,0.0,0.0,0.0,10.0,0.0,0.0,0.0,0.0,0.0,0.0,,7,LOW_MIN,0.5922739022596406,86.36363636363636,0.30032617265859507,73.07692307692307,76.76767676767676,44.0,26.0,OK
Evan Ferguson,brighton,ST,ST_FINISHER,142,ie IRL,FW,19.0,2004.0,13,2,246,2.7,0.37,0.0,0.37,0.37,0.0,0.0,0.0,0.0,0.19,0.19,0.15,0.37,0.74,0.37,3.33,0.37,0.0,0.37,0.37,0.37,0.2,0.15,0.35,0.2,0.35,FW,0.37,2.59,0.74,28.6,2.56,0.73,0.14,0.5,19.2,0.37,0.0,0.0,0.19,0.19,0.08,0.19,0.19,,15.9,21.5,74.1,179.3,16.3,11.5,13.3,86.1,2.96,4.07,72.7,0.37,1.48,25.0,0.0,0.15,0.15,-0.15,1.11,0.37,0.0,0.0,0.37,,21.5,19.3,1.85,0.0,0.0,0.0,0.0,0.0,0.0,0.0,0.0,0.0,15.9,0.37,0.37,,1.48,1.47,1.11,0.0,0.37,0.0,0.0,0.0,0.0,0.0,0.0,0.0,0.0,0.0,0.0,0.0,,1.48,1.11,0.0,1.11,0.37,0.74,1.85,40.0,1.11,1.11,0.37,0.74,0.0,1.48,1.48,0.0,,32.6,2.59,4.81,18.5,9.63,3.33,32.6,0.74,0.37,50.0,0.37,50.0,15.6,67.8,20.7,0.74,0.37,0.74,1.85,2.22,19.3,3.33,,0.0,0.0,0.0,1.11,0.37,0.0,0.0,0.0,1.11,0.0,0.0,0.0,3.7,1.48,3.33,30.8,246,LOW_MIN,-0.22014716700763767,34.146341463414636,0.06097398373204441,46.666666666666664,43.53658536585366,41.0,30.0,OK
Jadon Sancho,chelsea,NON_ST,WIDE_WINGER,164,eng ENG,FW,24.0,2000.0,31,19,1764,19.6,0.15,0.2,0.36,0.15,0.0,0.0,0.1,0.0,0.11,0.11,0.19,0.3,5.2,4.59,11.5,0.15,0.2,0.36,0.15,0.36,0.11,0.19,0.3,0.11,0.3,FW,0.15,1.22,0.41,33.3,1.22,0.41,0.13,0.38,15.1,0.0,0.0,0.0,0.11,0.11,0.09,0.04,0.04,,33.8,41.0,82.6,455.7,106.8,21.2,23.7,89.5,10.6,12.8,83.2,0.71,1.38,51.9,0.2,0.19,0.16,0.02,1.94,1.43,2.45,0.0,4.59,,41.0,40.4,0.56,0.05,0.36,0.05,1.28,0.46,0.05,0.05,0.0,0.0,33.8,0.05,1.22,,3.57,3.57,3.21,0.0,0.15,0.05,0.15,0.0,0.51,0.51,0.46,0.0,0.0,0.0,0.05,0.0,,0.66,0.36,0.15,0.15,0.36,0.26,0.61,41.7,0.36,0.56,0.0,0.56,0.1,0.77,0.41,0.1,,49.7,0.66,5.97,14.4,29.8,6.17,49.7,4.95,2.3,46.4,2.04,41.2,33.3,227.0,124.2,5.2,1.79,2.91,1.53,1.07,38.8,11.5,,0.1,0.0,0.0,0.31,0.56,0.31,1.28,0.1,0.36,0.1,0.0,0.0,5.05,0.31,0.56,35.3,1764,OK,-0.17967492466867574,38.63636363636363,-0.06883185068962829,50.0,45.94155844155844,44.0,18.0,OK
Noni Madueke,chelsea,NON_ST,INSIDE_FORWARD,168,eng ENG,FW,22.0,2002.0,32,27,2033,22.6,0.31,0.13,0.44,0.31,0.0,0.0,0.13,0.0,0.42,0.42,0.19,0.62,6.81,3.05,10.0,0.31,0.13,0.44,0.31,0.44,0.43,0.19,0.61,0.43,0.61,FW,0.31,3.54,1.33,37.5,3.54,1.33,0.09,0.23,14.4,0.0,0.0,0.0,0.42,0.42,0.12,-0.12,-0.12,,23.5,30.3,77.4,340.9,82.0,14.4,16.7,86.2,7.26,9.51,76.3,0.97,1.81,53.7,0.13,0.19,0.14,-0.05,1.42,0.71,1.55,0.35,3.05,,30.3,29.2,0.88,0.04,0.04,0.18,2.79,0.8,0.04,0.0,0.0,0.0,23.5,0.22,0.66,,3.5,3.5,2.52,0.0,0.44,0.31,0.18,0.04,0.35,0.35,0.22,0.0,0.0,0.04,0.04,0.04,,1.11,0.8,0.35,0.53,0.22,0.62,1.68,36.8,1.06,0.75,0.0,0.75,0.44,1.55,0.49,0.0,,43.4,0.97,4.47,13.3,26.3,8.14,43.4,4.51,1.99,44.1,2.04,45.1,28.4,239.5,154.2,6.81,2.21,4.12,2.3,1.11,33.5,10.0,,0.13,0.0,0.0,0.97,1.11,0.22,2.79,0.44,0.8,0.0,0.0,0.0,3.72,0.49,0.84,36.7,2033,OK,0.4194148710681406,84.0909090909091,0.46325908423078405,84.61538461538461,84.46969696969697,44.0,26.0,OK
Nicolas Jackson,chelsea,ST,ST_RUNNER,169,sn SEN,FW,23.0,2001.0,30,28,2220,24.7,0.4,0.2,0.61,0.4,0.0,0.0,0.28,0.04,0.5,0.5,0.17,0.67,1.9,1.54,5.22,0.41,0.2,0.61,0.41,0.61,0.5,0.17,0.67,0.5,0.67,FW,0.4,3.08,1.38,44.7,3.08,1.38,0.13,0.29,12.9,0.0,0.0,0.0,0.5,0.5,0.16,-0.09,-0.09,,12.3,16.2,75.9,165.5,35.8,7.37,9.03,81.6,3.72,4.78,78.0,0.36,0.61,60.0,0.2,0.17,0.08,0.03,1.13,0.89,0.4,0.04,1.54,,16.2,15.6,0.49,0.04,0.04,0.0,0.12,0.16,0.0,0.0,0.0,0.0,12.3,0.08,0.61,,2.79,2.8,1.7,0.0,0.36,0.28,0.36,0.08,0.4,0.41,0.28,0.0,0.08,0.04,0.0,0.0,,0.89,0.53,0.24,0.28,0.36,0.2,0.4,50.0,0.2,0.61,0.08,0.53,0.12,1.01,0.61,0.0,,27.8,0.77,2.02,11.5,14.6,5.71,27.8,2.47,0.73,29.5,1.3,52.5,16.9,101.6,53.3,1.9,1.01,1.3,2.87,1.66,20.8,5.22,,0.28,0.04,0.0,1.42,1.17,0.93,0.12,0.12,0.53,0.0,0.0,0.0,1.94,0.85,1.46,36.8,2220,OK,0.6403259638169594,87.8048780487805,0.14913824681289328,85.71428571428571,86.94404591104734,41.0,7.0,OK
Pedro Neto,chelsea,NON_ST,WIDE_WINGER,166,pt POR,FW,24.0,2000.0,35,24,2269,25.2,0.16,0.24,0.4,0.16,0.0,0.0,0.32,0.0,0.14,0.14,0.27,0.4,5.0,2.38,10.0,0.16,0.24,0.4,0.16,0.4,0.14,0.27,0.4,0.14,0.4,FW,0.16,2.34,0.67,28.8,2.34,0.67,0.07,0.24,18.2,0.0,0.0,0.0,0.14,0.14,0.06,0.02,0.02,,27.9,35.5,78.4,450.3,96.0,13.8,14.8,93.0,10.6,12.9,81.9,2.38,5.04,47.2,0.24,0.27,0.19,-0.03,1.83,1.19,1.47,0.91,2.38,,35.5,32.0,3.41,0.56,0.0,0.2,5.91,0.52,2.22,0.63,0.6,0.2,27.9,0.08,1.03,,3.57,3.57,2.54,0.36,0.24,0.28,0.16,0.0,0.36,0.36,0.2,0.04,0.08,0.04,0.0,0.0,,0.91,0.36,0.36,0.36,0.2,0.36,0.83,42.9,0.48,0.56,0.08,0.48,0.36,1.27,0.24,0.0,,45.8,0.52,3.97,13.3,29.2,4.6,45.8,4.13,1.35,32.7,1.83,44.2,29.6,251.4,132.6,5.0,2.26,1.79,1.79,1.19,33.3,10.0,,0.32,0.0,0.0,0.83,1.31,0.12,5.91,0.36,0.36,0.0,0.0,0.0,3.21,0.44,1.19,26.8,2269,OK,0.38185751583397126,81.81818181818183,0.2741644121929738,77.77777777777779,79.22077922077924,44.0,18.0,OK
Marc Guiu,chelsea,ST,ST_FINISHER,170,es ESP,FW,18.0,2006.0,3,0,73,0.8,0.0,0.0,0.0,0.0,0.0,0.0,0.0,0.0,0.0,0.0,0.0,0.0,0.0,0.0,3.75,0.0,0.0,0.0,0.0,0.0,0.0,0.04,0.04,0.0,0.04,FW,0.0,0.0,0.0,,0.0,0.0,,,,0.0,0.0,0.0,0.0,0.0,,0.0,0.0,,13.8,20.0,68.8,137.5,5.0,11.3,16.3,69.2,1.25,2.5,50.0,0.0,0.0,,0.0,0.0,0.0,0.0,1.25,0.0,0.0,0.0,0.0,,20.0,17.5,2.5,0.0,0.0,0.0,0.0,0.0,0.0,0.0,0.0,0.0,13.8,0.0,0.0,,1.25,1.22,1.25,0.0,0.0,0.0,0.0,0.0,0.0,0.0,0.0,0.0,0.0,0.0,0.0,0.0,,1.25,1.25,0.0,1.25,0.0,1.25,1.25,100.0,0.0,0.0,0.0,0.0,0.0,1.25,0.0,0.0,,27.5,0.0,2.5,10.0,15.0,3.75,27.5,1.25,0.0,0.0,1.25,100.0,15.0,37.5,10.0,0.0,0.0,0.0,2.5,0.0,15.0,3.75,,0.0,0.0,0.0,0.0,0.0,0.0,0.0,0.0,1.25,0.0,0.0,0.0,2.5,0.0,1.25,0.0,73,LOW_MIN,-0.8181674681603224,19.51219512195122,-0.5920350620363868,26.666666666666668,24.878048780487806,41.0,30.0,OK
Mykhailo Mudryk,chelsea,NON_ST,WIDE_WINGER,167,ua UKR,FW,23.0,2001.0,7,1,151,1.7,0.0,0.0,0.0,0.0,0.0,0.0,0.0,0.0,0.18,0.18,0.59,0.71,4.12,2.94,7.06,0.0,0.0,0.0,0.0,0.0,0.15,0.58,0.73,0.15,0.73,FW,0.0,0.59,0.59,100.0,0.6,0.6,0.0,0.0,11.6,0.0,0.0,0.0,0.18,0.18,0.25,-0.18,-0.18,,16.5,24.7,66.7,253.5,97.1,10.0,14.1,70.8,5.88,8.82,66.7,0.59,1.18,50.0,0.0,0.59,0.29,-0.59,1.18,1.18,1.18,0.59,2.94,,24.7,23.5,1.18,0.0,0.59,0.0,4.12,0.0,1.18,0.0,0.0,0.0,16.5,0.0,0.59,,3.53,3.6,2.35,0.59,0.0,0.0,0.59,0.0,0.0,0.0,0.0,0.0,0.0,0.0,0.0,0.0,,1.18,1.18,1.18,0.0,0.0,0.0,0.0,,0.0,1.76,0.59,1.18,0.0,1.18,0.59,0.0,,36.5,1.76,7.06,8.82,22.4,3.53,36.5,4.71,1.76,37.5,2.94,62.5,22.9,275.3,133.5,4.12,4.71,0.0,1.76,4.12,24.7,7.06,,0.0,0.0,0.0,1.18,1.18,0.59,4.12,0.0,1.18,0.0,0.0,0.0,5.29,1.18,2.35,33.3,151,LOW_MIN,0.7450997638363142,95.45454545454545,0.5953974365968173,94.44444444444444,94.8051948051948,44.0,18.0,OK
Tyrique George,chelsea,NON_ST,WIDE_WINGER,171,eng ENG,FW,18.0,2006.0,8,1,183,2.0,0.5,0.5,1.0,0.5,0.0,0.0,0.5,0.0,0.1,0.1,0.35,0.45,4.5,1.5,11.0,0.49,0.49,0.98,0.49,0.98,0.1,0.36,0.46,0.1,0.46,FW,0.5,1.5,0.5,33.3,1.48,0.49,0.33,1.0,15.0,0.0,0.0,0.0,0.1,0.1,0.07,0.4,0.4,,21.5,27.0,79.6,275.5,42.5,12.0,13.5,88.9,8.0,9.5,84.2,0.0,1.5,0.0,0.5,0.35,0.15,0.15,3.0,0.0,0.5,0.0,1.5,,27.0,26.5,0.5,0.0,0.0,0.0,1.5,0.5,0.0,0.0,0.0,0.0,21.5,0.0,1.0,,3.5,3.44,3.0,0.0,0.5,0.0,0.0,0.0,0.5,0.49,0.5,0.0,0.0,0.0,0.0,0.0,,1.0,0.0,1.0,0.0,0.0,1.0,1.5,66.7,0.5,0.5,0.0,0.5,1.0,2.0,0.5,0.0,,35.0,0.5,5.5,10.5,19.5,4.5,35.0,2.5,1.5,60.0,1.0,40.0,23.0,186.5,104.5,4.5,0.5,2.5,1.5,0.0,26.5,11.0,,0.5,0.0,0.0,1.5,0.0,1.0,1.5,1.0,0.0,0.0,0.0,0.0,2.0,0.0,2.0,0.0,183,LOW_MIN,-0.39193434762406504,20.454545454545457,-0.47965387897258915,16.666666666666664,18.019480519480517,44.0,18.0,OK
Christopher Nkunku,chelsea,ST,ST_LINK,165,fr FRA,FW,26.0,1997.0,27,9,921,10.2,0.29,0.2,0.49,0.29,0.0,0.0,0.2,0.0,0.47,0.47,0.21,0.68,1.67,2.45,6.67,0.29,0.2,0.49,0.29,0.49,0.47,0.21,0.68,0.47,0.67,FW,0.29,2.45,1.08,44.0,2.44,1.07,0.12,0.27,12.6,0.0,0.0,0.0,0.47,0.47,0.19,-0.18,-0.18,,29.3,32.7,89.5,385.1,74.5,18.1,19.8,91.6,9.31,10.1,92.2,0.59,0.59,100.0,0.2,0.21,0.1,-0.01,1.37,2.55,0.69,0.0,2.45,,32.7,32.1,0.69,0.1,0.2,0.1,0.39,0.0,0.2,0.0,0.0,0.0,29.3,0.0,0.29,,3.33,3.32,2.06,0.0,0.49,0.49,0.1,0.2,0.39,0.39,0.1,0.0,0.1,0.1,0.1,0.0,,1.18,0.78,0.29,0.39,0.49,0.59,0.78,75.0,0.2,0.88,0.2,0.69,0.69,1.86,0.98,0.0,,43.9,0.98,5.1,17.9,21.3,5.1,43.9,2.65,0.98,37.0,1.37,51.9,27.5,134.1,61.6,1.67,1.57,1.27,1.76,1.67,34.9,6.67,,0.2,0.0,0.0,1.57,1.08,0.29,0.39,0.69,0.78,0.0,0.0,0.0,2.84,1.57,2.16,42.1,921,OK,1.112843026292964,95.1219512195122,0.22230298476524776,50.0,82.22996515679444,41.0,4.0,LOW_SAMPLE
Jean-Philippe Mateta,crystal palace,ST,ST_FINISHER,200,fr FRA,FW,27.0,1997.0,37,33,2648,29.4,0.48,0.07,0.54,0.41,0.07,0.07,0.07,0.0,0.46,0.4,0.11,0.51,1.53,1.77,4.15,0.48,0.07,0.54,0.41,0.48,0.46,0.11,0.57,0.41,0.51,FW,0.48,2.31,0.99,42.6,2.31,0.99,0.18,0.41,15.6,0.0,0.07,0.07,0.46,0.4,0.18,0.02,0.0,,9.9,15.2,65.1,130.9,34.6,5.99,7.89,75.9,2.82,4.42,63.8,0.24,0.78,30.4,0.07,0.11,0.08,-0.04,0.99,1.16,0.54,0.07,1.77,,15.2,14.9,0.27,0.0,0.24,0.0,0.88,0.0,0.0,0.0,0.0,0.0,9.9,0.03,0.58,,2.21,2.21,1.5,0.0,0.17,0.37,0.17,0.0,0.34,0.34,0.17,0.0,0.1,0.07,0.0,0.0,,0.61,0.41,0.17,0.37,0.07,0.1,0.54,18.8,0.44,0.65,0.14,0.51,0.07,0.68,0.78,0.0,,25.1,0.88,2.18,11.9,11.6,3.2,25.1,1.56,0.68,43.5,0.75,47.8,13.6,72.9,35.6,1.53,0.75,0.34,2.45,1.53,18.3,4.15,,0.07,0.0,0.0,0.92,0.95,0.71,0.88,0.07,0.41,0.0,0.0,0.0,2.31,2.14,3.64,37.1,2648,OK,0.34148297430604907,68.29268292682927,0.6940270123555484,90.0,84.57317073170732,41.0,30.0,OK
Jesper Lindstrøm,everton,NON_ST,WIDE_WINGER,222,dk DEN,FW,24.0,2000.0,25,15,1239,13.8,0.0,0.07,0.07,0.0,0.0,0.0,0.14,0.0,0.15,0.15,0.14,0.3,2.17,1.81,5.87,0.0,0.07,0.07,0.0,0.07,0.15,0.15,0.3,0.15,0.3,FW,0.0,2.03,0.72,35.7,2.03,0.73,0.0,0.0,21.0,0.43,0.0,0.0,0.15,0.15,0.08,-0.15,-0.15,,21.5,31.0,69.4,332.8,96.7,14.1,16.3,86.2,4.71,7.17,65.7,2.1,4.71,44.6,0.07,0.14,0.14,-0.07,1.38,1.3,0.87,0.51,1.81,,31.0,27.8,3.04,0.8,0.07,0.0,5.14,0.43,1.81,0.87,0.58,0.14,21.5,0.22,1.3,,3.33,3.35,2.17,0.51,0.14,0.22,0.22,0.07,0.07,0.07,0.07,0.0,0.0,0.0,0.0,0.0,,3.26,1.81,1.74,1.38,0.14,1.38,3.99,34.5,2.61,1.09,0.22,0.87,0.87,4.13,1.23,0.0,,45.3,1.59,9.2,14.9,22.0,2.9,45.3,3.12,0.58,18.6,2.25,72.1,21.9,117.9,56.5,2.17,1.38,0.51,2.25,1.74,25.1,5.87,,0.14,0.0,0.0,1.09,0.72,0.07,5.14,0.87,1.81,0.0,0.0,0.0,5.07,0.43,0.87,33.3,1239,OK,0.015564231711568765,50.0,-0.19263361017874425,33.33333333333333,39.28571428571428,44.0,18.0,OK
Beto,everton,ST,ST_FINISHER,226,gw GNB,FW,26.0,1998.0,30,15,1534,17.0,0.47,0.0,0.47,0.47,0.0,0.0,0.12,0.0,0.48,0.48,0.07,0.55,0.88,0.94,4.53,0.47,0.0,0.47,0.47,0.47,0.48,0.07,0.55,0.48,0.55,FW,0.47,2.88,1.35,46.9,2.87,1.35,0.16,0.35,13.1,0.0,0.0,0.0,0.48,0.48,0.17,-0.01,-0.01,,9.18,15.8,58.2,121.2,16.6,5.41,8.06,67.2,2.59,4.88,53.0,0.41,0.53,77.8,0.0,0.07,0.03,-0.07,0.71,0.41,0.47,0.06,0.94,,15.8,15.5,0.24,0.0,0.06,0.12,0.24,0.0,0.06,0.0,0.0,0.0,9.18,0.0,0.76,,1.53,1.52,0.94,0.0,0.18,0.18,0.24,0.0,0.06,0.06,0.06,0.0,0.0,0.0,0.0,0.0,,0.82,0.35,0.12,0.47,0.24,0.29,0.47,62.5,0.18,0.71,0.12,0.59,0.24,1.06,1.41,0.06,,30.6,1.71,3.0,13.7,14.2,5.06,30.6,2.24,1.12,50.0,1.0,44.7,15.7,73.1,28.1,0.88,0.71,0.53,4.18,2.18,22.2,4.53,,0.12,0.0,0.0,1.94,1.35,0.94,0.24,0.24,0.35,0.0,0.0,0.0,2.35,5.82,6.18,48.5,1534,OK,0.32007459263089316,63.41463414634146,0.6343149829611482,83.33333333333334,78.35365853658537,41.0,30.0,OK
Dominic Calvert-Lewin,everton,ST,ST_FINISHER,224,eng ENG,FW,27.0,1997.0,26,19,1609,17.9,0.17,0.06,0.22,0.17,0.0,0.0,0.11,0.0,0.37,0.37,0.03,0.41,1.28,1.12,6.26,0.17,0.06,0.22,0.17,0.22,0.38,0.04,0.41,0.38,0.41,FW,0.17,2.79,1.06,38.0,2.8,1.06,0.06,0.16,12.3,0.0,0.0,0.0,0.37,0.37,0.14,-0.21,-0.21,,10.1,16.1,62.6,118.0,27.8,7.26,10.4,69.5,2.07,3.52,58.7,0.17,0.45,37.5,0.06,0.03,0.04,0.02,0.39,1.12,0.28,0.06,1.12,,16.1,16.0,0.11,0.0,0.0,0.06,0.34,0.06,0.0,0.0,0.0,0.0,10.1,0.0,0.67,,1.45,1.46,0.78,0.0,0.22,0.17,0.17,0.11,0.22,0.22,0.06,0.0,0.11,0.0,0.06,0.0,,0.5,0.39,0.06,0.22,0.22,0.11,0.34,33.3,0.22,0.39,0.11,0.28,0.39,0.89,1.28,0.0,,29.1,1.45,2.51,12.0,14.8,4.92,29.1,1.4,0.56,40.0,0.73,52.0,15.6,80.7,25.9,1.28,0.45,0.95,4.3,1.84,23.3,6.26,,0.11,0.0,0.0,1.51,1.28,1.51,0.34,0.39,0.39,0.0,0.0,0.0,1.96,4.75,4.53,51.2,1609,OK,0.130634172614471,48.78048780487805,0.4611181825171592,66.66666666666666,62.195121951219505,41.0,30.0,OK
Jack Harrison,everton,NON_ST,WIDE_WINGER,223,eng ENG,FW,27.0,1996.0,34,24,2076,23.1,0.04,0.0,0.04,0.04,0.0,0.0,0.0,0.0,0.15,0.15,0.16,0.31,3.16,2.21,5.5,0.04,0.0,0.04,0.04,0.04,0.15,0.16,0.31,0.15,0.31,FW,0.04,1.26,0.3,24.1,1.26,0.3,0.03,0.14,16.2,0.0,0.0,0.0,0.15,0.15,0.12,-0.11,-0.11,,17.9,28.5,62.8,285.5,107.2,10.3,12.8,81.0,5.28,7.88,67.0,1.56,4.68,33.3,0.0,0.16,0.13,-0.16,1.43,1.21,1.08,0.48,2.21,,28.5,25.5,2.77,1.0,0.17,0.09,5.67,0.35,1.39,1.17,0.0,0.04,17.9,0.3,1.43,,2.47,2.47,1.65,0.39,0.17,0.09,0.17,0.0,0.17,0.17,0.04,0.0,0.0,0.04,0.09,0.0,,1.39,0.95,0.52,0.52,0.35,0.65,1.99,32.6,1.34,0.78,0.09,0.69,0.43,1.82,1.52,0.09,,41.0,1.56,6.8,14.5,20.0,2.99,41.0,3.25,1.04,32.0,1.86,57.3,22.7,136.5,71.0,3.16,1.56,0.74,2.25,1.77,26.5,5.5,,0.0,0.0,0.0,0.56,1.21,0.17,5.67,0.43,0.95,0.04,0.0,0.0,3.16,0.17,1.21,12.5,2076,OK,0.017504365873309415,52.27272727272727,-0.25119923411901385,27.77777777777778,36.52597402597402,44.0,18.0,OK
Iliman Ndiaye,everton,NON_ST,INSIDE_FORWARD,221,sn SEN,FW,24.0,2000.0,33,29,2430,27.0,0.33,0.0,0.33,0.26,0.07,0.07,0.11,0.0,0.23,0.17,0.07,0.24,3.19,2.19,4.52,0.33,0.0,0.33,0.26,0.26,0.23,0.07,0.3,0.17,0.24,FW,0.33,1.3,0.56,42.9,1.3,0.56,0.2,0.47,17.1,0.0,0.07,0.07,0.23,0.17,0.13,0.1,0.09,,22.3,27.3,81.8,334.7,69.4,12.9,14.9,86.8,7.41,8.52,87.0,1.41,2.04,69.1,0.0,0.07,0.05,-0.07,0.67,1.56,0.52,0.19,2.19,,27.3,26.3,0.93,0.19,0.07,0.07,1.41,0.19,0.37,0.15,0.0,0.07,22.3,0.07,0.81,,2.41,2.41,1.81,0.0,0.33,0.04,0.22,0.0,0.3,0.3,0.19,0.0,0.07,0.0,0.04,0.0,,1.96,1.04,0.74,0.59,0.63,0.81,1.81,44.9,1.0,1.11,0.19,0.93,0.74,2.7,0.89,0.04,,40.1,1.33,8.11,16.7,17.2,3.07,40.1,5.3,2.52,47.6,2.37,44.8,23.0,177.8,87.7,3.19,1.63,1.19,2.04,1.63,25.0,4.52,,0.11,0.0,0.0,0.89,1.93,0.19,1.41,0.74,1.04,0.0,0.0,0.0,6.37,0.22,0.7,24.0,2430,OK,-0.23222284286120112,34.090909090909086,-0.1462685529811666,42.30769230769231,40.025252525252526,44.0,26.0,OK
Armando Broja,everton,NON_ST,INSIDE_FORWARD,225,al ALB,FW,22.0,2001.0,10,4,334,3.7,0.0,0.0,0.0,0.0,0.0,0.0,0.27,0.0,0.03,0.03,0.05,0.08,3.24,0.54,7.03,0.0,0.0,0.0,0.0,0.0,0.03,0.05,0.08,0.03,0.08,FW,0.0,1.08,0.0,0.0,1.08,0.0,0.0,,17.3,0.0,0.0,0.0,0.03,0.03,0.03,-0.03,-0.03,,14.3,19.7,72.6,160.5,27.3,9.46,12.2,77.8,2.7,3.24,83.3,0.54,0.81,66.7,0.0,0.05,0.03,-0.05,1.08,0.81,0.0,0.0,0.54,,19.7,19.5,0.0,0.0,0.0,0.0,0.27,0.0,0.0,0.0,0.0,0.0,14.3,0.27,0.27,,1.89,1.89,1.89,0.0,0.0,0.0,0.0,0.0,0.0,0.0,0.0,0.0,0.0,0.0,0.0,0.0,,0.81,0.27,0.27,0.27,0.27,0.0,0.0,,0.0,0.81,0.0,0.81,0.27,1.08,1.08,0.0,,34.3,1.08,3.78,12.7,19.5,4.86,34.3,4.32,2.16,50.0,1.89,43.8,17.3,155.9,75.9,3.24,2.16,0.81,4.32,3.51,25.4,7.03,,0.27,0.0,0.0,1.62,1.08,0.81,0.27,0.27,0.27,0.0,0.0,0.0,2.43,4.86,5.68,46.2,334,LOW_MIN,-0.5552362992977838,9.090909090909092,-0.49169375082646405,19.230769230769234,16.414141414141415,44.0,26.0,OK
Raúl Jiménez,fulham,ST,ST_RUNNER,252,mx MEX,FW,33.0,1991.0,38,30,2494,27.7,0.43,0.11,0.54,0.32,0.11,0.11,0.14,0.0,0.43,0.35,0.12,0.47,1.26,2.24,4.51,0.43,0.11,0.54,0.32,0.43,0.43,0.12,0.55,0.35,0.47,FW,0.43,3.36,1.08,32.3,3.36,1.08,0.1,0.3,14.5,0.04,0.11,0.11,0.43,0.35,0.1,0.0,-0.02,,16.5,23.2,71.2,249.7,58.4,9.57,11.8,81.3,4.98,6.79,73.4,1.19,1.99,60.0,0.11,0.12,0.08,-0.01,0.87,1.48,0.51,0.11,2.24,,23.2,22.9,0.25,0.11,0.11,0.18,0.83,0.14,0.0,0.0,0.0,0.0,16.5,0.04,1.01,,2.38,2.38,1.73,0.04,0.07,0.32,0.18,0.04,0.25,0.25,0.14,0.0,0.0,0.04,0.04,0.04,,1.26,0.87,0.32,0.61,0.32,0.29,0.79,36.4,0.51,0.76,0.18,0.58,0.36,1.62,0.83,0.11,,36.1,1.26,4.33,15.6,16.8,5.96,36.0,1.81,0.76,42.0,0.94,52.0,19.8,92.3,40.1,1.26,0.87,0.61,2.67,1.62,26.5,4.51,,0.14,0.0,0.0,1.41,1.48,0.54,0.83,0.36,0.87,0.04,0.0,0.0,2.89,3.29,3.57,47.9,2494,OK,0.6272262584025179,82.92682926829268,-0.02659807894985349,57.14285714285714,72.30989956958393,41.0,7.0,OK
Reiss Nelson,fulham,NON_ST,INSIDE_FORWARD,250,eng ENG,FW,24.0,1999.0,11,5,487,5.4,0.19,0.19,0.37,0.19,0.0,0.0,0.19,0.0,0.2,0.2,0.19,0.39,8.33,6.48,11.7,0.18,0.18,0.37,0.18,0.37,0.2,0.18,0.39,0.2,0.39,FW,0.19,2.22,1.11,50.0,2.22,1.11,0.08,0.17,15.4,0.0,0.0,0.0,0.2,0.2,0.09,-0.02,-0.02,,43.0,49.6,86.6,635.0,140.9,25.2,27.2,92.5,14.3,16.9,84.6,2.22,3.52,63.2,0.19,0.19,0.19,0.0,2.41,1.3,2.78,0.56,6.48,,49.6,48.3,1.11,0.0,0.37,0.37,4.26,0.19,0.93,0.56,0.19,0.0,43.0,0.19,0.37,,5.74,5.73,3.89,0.37,0.56,0.74,0.0,0.19,0.19,0.18,0.19,0.0,0.0,0.0,0.0,0.0,,1.48,1.11,0.56,0.56,0.37,0.93,2.41,38.5,1.48,2.04,0.0,2.04,0.93,2.41,0.37,0.0,,64.3,0.93,5.56,20.4,39.3,6.48,64.3,6.48,2.41,37.1,2.41,37.1,48.0,362.2,177.8,8.33,4.63,3.89,2.59,1.48,50.7,11.7,,0.19,0.0,0.0,1.11,1.67,0.19,4.26,0.93,1.11,0.0,0.0,0.0,5.37,0.0,0.74,0.0,487,LOW_MIN,0.7476763713904371,97.72727272727273,0.8738521043290077,96.15384615384616,96.5909090909091,44.0,26.0,OK
Rodrigo Muniz,fulham,ST,ST_FINISHER,251,br BRA,FW,23.0,2001.0,31,8,964,10.7,0.75,0.09,0.84,0.75,0.0,0.0,0.09,0.0,0.54,0.54,0.07,0.61,0.56,2.52,2.9,0.75,0.09,0.84,0.75,0.84,0.54,0.07,0.61,0.54,0.61,FW,0.75,3.64,1.78,48.7,3.64,1.77,0.21,0.42,12.0,0.0,0.0,0.0,0.54,0.54,0.15,0.21,0.21,,8.6,13.3,64.8,143.9,49.3,4.3,6.36,67.6,2.9,4.21,68.9,1.03,1.21,84.6,0.09,0.07,0.02,0.03,0.65,1.21,0.28,0.0,2.52,,13.3,12.6,0.56,0.09,0.28,0.19,0.09,0.0,0.0,0.0,0.0,0.0,8.6,0.09,0.37,,1.59,1.59,0.93,0.0,0.19,0.19,0.19,0.09,0.19,0.19,0.09,0.0,0.09,0.0,0.0,0.0,,0.93,0.47,0.28,0.47,0.19,0.37,0.37,100.0,0.0,0.84,0.19,0.65,0.47,1.4,1.31,0.0,,29.1,1.31,2.52,15.0,11.9,5.14,29.1,1.68,0.56,33.3,0.84,50.0,14.7,60.8,17.5,0.56,0.37,0.28,4.39,2.24,22.1,2.9,,0.09,0.0,0.0,1.03,2.9,0.28,0.09,0.47,0.47,0.0,0.0,0.0,1.31,6.26,5.89,51.5,964,OK,0.47016123719828007,73.17073170731707,0.7978964081571898,93.33333333333333,88.29268292682927,41.0,30.0,OK
Liam Delap,ipswich town,ST,ST_RUNNER,284,eng ENG,FW,21.0,2003.0,37,32,2593,28.8,0.42,0.07,0.49,0.35,0.07,0.07,0.42,0.0,0.32,0.27,0.07,0.34,2.12,1.04,3.82,0.42,0.07,0.49,0.35,0.42,0.32,0.07,0.39,0.27,0.34,FW,0.42,2.29,1.01,43.9,2.29,1.01,0.15,0.34,16.0,0.0,0.07,0.07,0.32,0.27,0.12,0.09,0.08,,7.6,12.4,61.3,104.5,22.8,4.27,6.04,70.7,2.4,3.75,63.9,0.31,0.83,37.5,0.07,0.07,0.05,0.0,0.73,0.59,0.21,0.0,1.04,,12.4,12.2,0.17,0.0,0.28,0.03,0.17,0.07,0.0,0.0,0.0,0.0,7.6,0.07,0.56,,2.15,2.15,0.97,0.0,0.42,0.24,0.45,0.07,0.24,0.24,0.1,0.0,0.07,0.0,0.07,0.0,,0.38,0.28,0.1,0.1,0.17,0.07,0.52,13.3,0.45,0.28,0.0,0.28,0.07,0.45,0.97,0.0,,23.7,1.01,2.71,10.1,11.6,3.19,23.6,2.99,1.39,46.5,1.28,43.0,15.5,114.0,55.1,2.12,1.6,1.04,3.61,2.08,18.6,3.82,,0.42,0.0,0.0,2.5,1.77,0.49,0.17,0.07,0.28,0.07,0.0,0.0,2.36,1.91,2.57,42.6,2593,OK,0.3794201551916334,70.73170731707317,-0.5647593005569628,14.285714285714285,47.48923959827834,41.0,7.0,OK
Ali Al Hamadi,ipswich town,NON_ST,WIDE_WINGER,283,iq IRQ,FW,22.0,2002.0,11,0,134,1.5,0.0,0.0,0.0,0.0,0.0,0.0,2.0,0.0,0.27,0.27,0.07,0.27,2.67,2.0,9.33,0.0,0.0,0.0,0.0,0.0,0.24,0.05,0.28,0.24,0.28,FW,0.0,2.67,0.0,0.0,2.69,0.0,0.0,,15.7,0.0,0.0,0.0,0.27,0.27,0.09,-0.27,-0.27,,16.7,20.0,83.3,185.3,19.3,13.3,15.3,87.0,3.33,4.67,71.4,0.0,0.0,,0.0,0.07,0.0,-0.07,1.33,0.0,0.0,0.0,2.0,,20.0,20.0,0.0,0.0,0.0,0.0,0.0,0.0,0.0,0.0,0.0,0.0,16.7,0.0,0.67,,5.33,5.37,2.67,0.0,2.0,0.0,0.67,0.0,0.0,0.0,0.0,0.0,0.0,0.0,0.0,0.0,,0.67,0.0,0.0,0.0,0.67,0.0,1.33,0.0,1.33,0.0,0.0,0.0,0.0,0.67,1.33,0.0,,35.3,1.33,4.0,13.3,20.0,6.0,35.3,4.67,2.67,57.1,2.0,42.9,19.3,124.7,74.0,2.67,2.0,2.67,4.67,2.67,24.0,9.33,,2.0,0.0,0.0,5.33,2.0,0.67,0.0,0.0,0.0,0.0,0.0,0.0,2.67,3.33,6.0,35.7,134,LOW_MIN,-0.33443481823112664,25.0,-0.1828040532453125,38.88888888888889,33.92857142857143,44.0,18.0,OK
Chiedozie Ogbene,ipswich town,NON_ST,INSIDE_FORWARD,281,ie IRL,FW,27.0,1997.0,5,3,238,2.6,0.0,0.0,0.0,0.0,0.0,0.0,0.0,0.0,0.0,0.0,0.04,0.04,2.69,0.0,5.77,0.0,0.0,0.0,0.0,0.0,0.0,0.03,0.03,0.0,0.03,FW,0.0,0.0,0.0,,0.0,0.0,,,,0.0,0.0,0.0,0.0,0.0,,0.0,0.0,,12.3,16.5,74.4,159.6,10.4,7.69,9.23,83.3,3.08,3.85,80.0,0.38,0.38,100.0,0.0,0.04,0.0,-0.04,0.77,0.0,0.0,0.0,0.0,,16.5,16.5,0.0,0.0,0.0,0.0,1.54,0.0,0.0,0.0,0.0,0.0,12.3,0.0,1.92,,1.15,1.13,0.77,0.0,0.0,0.0,0.38,0.0,0.0,0.0,0.0,0.0,0.0,0.0,0.0,0.0,,2.69,1.15,0.38,0.77,1.54,0.77,1.54,50.0,0.77,0.38,0.0,0.38,0.38,3.08,1.15,0.0,,26.9,1.15,4.23,7.31,15.4,2.31,26.9,2.69,0.38,14.3,1.15,42.9,15.8,126.9,53.5,2.69,0.77,0.77,1.54,0.77,16.5,5.77,,0.0,0.0,0.0,0.77,2.69,0.38,1.54,0.38,1.15,0.0,0.0,0.0,2.31,0.38,2.31,14.3,238,LOW_MIN,-0.8022193032529983,4.545454545454546,-0.7170837217825428,7.6923076923076925,6.818181818181818,44.0,26.0,OK
George Hirst,ipswich town,ST,ST_FINISHER,282,sct SCO,FW,25.0,1999.0,26,5,661,7.3,0.41,0.14,0.55,0.41,0.0,0.0,0.41,0.0,0.29,0.29,0.04,0.34,1.23,1.78,4.25,0.41,0.14,0.54,0.41,0.54,0.29,0.05,0.34,0.29,0.34,FW,0.41,1.92,0.96,50.0,1.91,0.95,0.21,0.43,11.3,0.0,0.0,0.0,0.29,0.29,0.15,0.12,0.12,,9.45,16.7,56.6,107.5,25.8,6.71,9.86,68.1,1.78,3.56,50.0,0.14,0.41,33.3,0.14,0.04,0.04,0.1,0.55,0.14,0.55,0.0,1.78,,16.7,16.6,0.0,0.0,0.0,0.0,0.41,0.0,0.0,0.0,0.0,0.0,9.45,0.14,0.68,,1.23,1.22,0.96,0.0,0.0,0.14,0.14,0.0,0.41,0.41,0.27,0.0,0.0,0.14,0.0,0.0,,0.41,0.41,0.14,0.0,0.27,0.14,0.55,25.0,0.41,0.14,0.14,0.0,0.27,0.68,1.37,0.0,,25.8,1.64,3.84,8.36,13.8,3.84,25.8,0.82,0.27,33.3,0.41,50.0,13.8,72.5,28.9,1.23,0.27,0.96,2.88,2.19,22.1,4.25,,0.41,0.0,0.0,1.78,1.64,0.41,0.41,0.27,0.41,0.0,0.0,0.0,1.64,4.38,3.15,58.2,661,LOW_MIN,0.13917351742546405,51.21951219512195,0.4743429259023963,70.0,65.3048780487805,41.0,30.0,OK
Will Alves,leicester city,ST,ST_FINISHER,316,eng ENG,FW,19.0,2005.0,1,0,1,0.0,0.0,0.0,0.0,0.0,0.0,0.0,0.0,0.0,0.0,0.0,0.0,0.0,0.0,0.0,1.0,0.0,0.0,0.0,0.0,0.0,0.0,0.0,0.0,0.0,0.0,FW,0.0,0.0,0.0,,0.0,0.0,,,,0.0,0.0,0.0,0.0,0.0,,0.0,0.0,,1.0,1.0,100.0,12.0,0.0,1.0,1.0,100.0,0.0,0.0,,0.0,0.0,,0.0,0.0,0.0,0.0,0.0,0.0,0.0,0.0,0.0,,1.0,1.0,0.0,0.0,0.0,0.0,0.0,0.0,0.0,0.0,0.0,0.0,1.0,0.0,0.0,,0.0,0.0,0.0,0.0,0.0,0.0,0.0,0.0,0.0,0.0,0.0,0.0,0.0,0.0,0.0,0.0,,0.0,0.0,0.0,0.0,0.0,0.0,0.0,,0.0,0.0,0.0,0.0,0.0,0.0,0.0,0.0,,1.0,0.0,0.0,0.0,1.0,0.0,1.0,0.0,0.0,,0.0,,1.0,5.0,5.0,0.0,0.0,0.0,0.0,0.0,1.0,1.0,,0.0,0.0,0.0,0.0,0.0,0.0,0.0,0.0,0.0,0.0,0.0,0.0,0.0,0.0,0.0,,1,LOW_MIN,-1.4139082957170719,4.878048780487805,-1.2245663408468919,6.666666666666667,6.219512195121951,41.0,30.0,OK
Stephy Mavididi,leicester city,NON_ST,WIDE_WINGER,311,eng ENG,FW,26.0,1998.0,30,16,1615,17.9,0.22,0.06,0.28,0.22,0.0,0.0,0.11,0.0,0.1,0.1,0.15,0.25,5.08,3.18,7.71,0.22,0.06,0.28,0.22,0.28,0.1,0.15,0.25,0.1,0.25,FW,0.22,1.45,0.39,26.9,1.45,0.39,0.15,0.57,16.1,0.06,0.0,0.0,0.1,0.1,0.07,0.12,0.12,,25.7,34.2,75.0,345.9,79.8,16.0,17.5,91.1,6.93,10.3,67.4,1.01,2.4,41.9,0.06,0.15,0.18,-0.09,1.23,1.79,1.45,0.39,3.18,,34.2,32.8,1.12,0.11,0.34,0.0,3.85,0.61,0.39,0.22,0.11,0.0,25.7,0.28,1.34,,2.79,2.78,2.18,0.11,0.22,0.11,0.11,0.06,0.39,0.39,0.34,0.0,0.06,0.0,0.0,0.0,,1.9,1.06,0.89,0.56,0.45,0.78,2.35,33.3,1.56,1.45,0.11,1.34,0.61,2.51,0.84,0.0,,48.2,1.28,7.37,18.3,23.5,3.41,48.2,5.31,1.96,36.8,2.63,49.5,32.6,242.6,131.6,5.08,2.23,1.51,2.18,1.96,34.8,7.71,,0.11,0.0,0.0,1.01,1.01,0.17,3.85,0.61,1.06,0.0,0.0,0.0,4.64,0.5,0.84,37.5,1615,OK,0.10468371351258603,61.36363636363637,-0.0784100864751269,44.44444444444444,50.48701298701299,44.0,18.0,OK
Jamie Vardy,leicester city,ST,ST_FINISHER,309,eng ENG,FW,37.0,1987.0,35,35,2823,31.4,0.29,0.13,0.41,0.25,0.03,0.06,0.16,0.0,0.36,0.31,0.1,0.4,0.92,0.7,3.82,0.29,0.13,0.41,0.26,0.38,0.36,0.1,0.45,0.31,0.4,FW,0.29,1.78,0.73,41.1,1.79,0.73,0.14,0.35,12.1,0.03,0.03,0.06,0.36,0.31,0.17,-0.07,-0.05,,8.22,12.4,66.3,120.3,13.5,4.49,6.05,74.2,2.74,3.63,75.4,0.48,0.7,68.2,0.13,0.1,0.08,0.03,0.61,0.35,0.32,0.03,0.7,,12.4,10.7,1.5,0.0,0.03,0.03,0.35,0.0,0.0,0.0,0.0,0.0,8.22,0.22,0.48,,1.5,1.5,1.05,0.0,0.19,0.06,0.19,0.0,0.32,0.32,0.16,0.0,0.06,0.03,0.06,0.0,,0.61,0.41,0.22,0.22,0.16,0.13,0.41,30.8,0.29,0.25,0.13,0.13,0.16,0.76,0.76,0.0,,18.7,0.96,1.94,8.66,8.28,3.54,18.6,0.73,0.35,47.8,0.32,43.5,9.08,47.9,22.8,0.92,0.41,0.51,1.08,0.45,12.2,3.82,,0.16,0.0,0.0,0.8,0.73,0.86,0.35,0.16,0.41,0.06,0.0,0.0,1.24,1.59,1.75,47.6,2823,OK,-0.12142278152407081,39.02439024390244,0.19049801984173517,53.333333333333336,49.75609756097561,41.0,30.0,OK
Jake Evans,leicester city,ST,ST_FINISHER,313,eng ENG,FW,15.0,2008.0,4,0,24,0.3,0.0,0.0,0.0,0.0,0.0,0.0,0.0,0.0,0.0,0.0,0.0,0.0,0.0,0.0,3.33,0.0,0.0,0.0,0.0,0.0,0.0,0.0,0.0,0.0,0.0,FW,0.0,0.0,0.0,,0.0,0.0,,,,0.0,0.0,0.0,0.0,0.0,,0.0,0.0,,6.67,10.0,66.7,80.0,30.0,3.33,3.33,100.0,3.33,6.67,50.0,0.0,0.0,,0.0,0.0,0.0,0.0,0.0,3.33,0.0,0.0,0.0,,10.0,10.0,0.0,0.0,0.0,0.0,0.0,0.0,0.0,0.0,0.0,0.0,6.67,0.0,0.0,,0.0,0.0,0.0,0.0,0.0,0.0,0.0,0.0,0.0,0.0,0.0,0.0,0.0,0.0,0.0,0.0,,3.33,3.33,0.0,0.0,3.33,0.0,3.33,0.0,3.33,0.0,0.0,0.0,0.0,3.33,3.33,0.0,,16.7,0.0,3.33,10.0,3.33,0.0,16.7,0.0,0.0,,0.0,,3.33,3.33,0.0,0.0,0.0,0.0,0.0,3.33,10.0,3.33,,0.0,0.0,0.0,0.0,0.0,0.0,0.0,0.0,3.33,0.0,0.0,0.0,0.0,0.0,3.33,0.0,24,LOW_MIN,-1.1980843476589154,14.634146341463413,-0.9998359156862904,16.666666666666664,16.15853658536585,41.0,30.0,OK
Odsonne Édouard,leicester city,NON_ST,INSIDE_FORWARD,314,fr FRA,FW,26.0,1998.0,4,0,29,0.3,0.0,0.0,0.0,0.0,0.0,0.0,0.0,0.0,0.0,0.0,0.0,0.0,0.0,3.33,6.67,0.0,0.0,0.0,0.0,0.0,0.0,0.13,0.13,0.0,0.13,FW,0.0,0.0,0.0,,0.0,0.0,,,,0.0,0.0,0.0,0.0,0.0,,0.0,0.0,,20.0,26.7,75.0,196.7,16.7,10.0,13.3,75.0,3.33,3.33,100.0,0.0,0.0,,0.0,0.0,0.0,0.0,3.33,0.0,0.0,0.0,3.33,,26.7,26.7,0.0,0.0,0.0,0.0,0.0,0.0,0.0,0.0,0.0,0.0,20.0,0.0,3.33,,6.67,6.21,6.67,0.0,0.0,0.0,0.0,0.0,0.0,0.0,0.0,0.0,0.0,0.0,0.0,0.0,,3.33,3.33,3.33,0.0,0.0,0.0,0.0,,0.0,0.0,0.0,0.0,0.0,3.33,3.33,0.0,,66.7,3.33,6.67,23.3,36.7,20.0,66.7,6.67,3.33,50.0,3.33,50.0,36.7,83.3,6.67,0.0,0.0,3.33,23.3,6.67,43.3,6.67,,0.0,0.0,0.0,6.67,0.0,0.0,0.0,0.0,3.33,0.0,0.0,0.0,3.33,3.33,3.33,50.0,29,LOW_MIN,0.018175734897939576,54.54545454545454,-0.05955907022952388,57.692307692307686,56.81818181818181,44.0,26.0,OK
Abdul Fatawu Issahaku,leicester city,NON_ST,WIDE_WINGER,312,gh GHA,FW,20.0,2004.0,11,6,579,6.4,0.0,0.31,0.31,0.0,0.0,0.0,0.0,0.0,0.06,0.06,0.25,0.31,6.56,2.66,9.38,0.0,0.31,0.31,0.0,0.31,0.06,0.24,0.31,0.06,0.31,FW,0.0,2.03,0.78,38.5,2.02,0.78,0.0,0.0,31.2,0.0,0.0,0.0,0.06,0.06,0.03,-0.06,-0.06,,19.2,30.8,62.4,335.9,93.9,9.22,12.7,72.8,7.03,9.22,76.3,2.5,5.16,48.5,0.31,0.25,0.22,0.06,0.94,1.09,1.09,0.31,2.66,,30.8,29.1,1.72,0.16,0.31,0.31,4.69,1.41,0.16,0.0,0.0,0.0,19.2,0.0,2.81,,2.66,2.64,1.56,0.0,0.31,0.16,0.63,0.0,0.47,0.47,0.31,0.0,0.0,0.16,0.0,0.0,,3.28,2.34,2.03,0.31,0.94,1.72,2.97,57.9,1.25,1.09,0.0,1.09,0.63,3.91,1.88,0.0,,50.9,2.97,11.4,17.8,24.5,4.06,50.9,10.8,4.53,42.0,4.38,40.6,33.9,292.0,164.8,6.56,3.75,2.34,2.81,1.88,33.8,9.38,,0.0,0.0,0.0,1.72,3.13,0.31,4.69,0.63,2.34,0.0,0.0,0.0,5.94,2.19,2.03,51.9,579,LOW_MIN,0.6474450312695401,90.9090909090909,0.6920147579255362,100.0,96.75324675324676,44.0,18.0,OK
Bobby De Cordova-Reid,leicester city,NON_ST,INSIDE_FORWARD,315,jm JAM,FW,31.0,1993.0,23,9,744,8.3,0.12,0.24,0.36,0.12,0.0,0.0,0.24,0.0,0.1,0.1,0.14,0.24,1.69,1.81,5.78,0.12,0.24,0.36,0.12,0.36,0.1,0.15,0.24,0.1,0.24,FW,0.12,0.84,0.36,42.9,0.85,0.36,0.14,0.33,25.1,0.0,0.0,0.0,0.1,0.1,0.11,0.02,0.02,,17.5,24.8,70.4,226.9,70.7,10.6,13.0,81.5,4.7,6.39,73.6,0.6,1.81,33.3,0.24,0.14,0.02,0.1,0.72,1.08,0.6,0.0,1.81,,24.8,23.9,0.96,0.12,0.0,0.0,1.81,0.72,0.0,0.0,0.0,0.0,17.5,0.0,1.81,,1.57,1.57,0.96,0.0,0.0,0.36,0.24,0.0,0.36,0.36,0.12,0.0,0.0,0.12,0.12,0.0,,1.08,0.48,0.36,0.72,0.0,0.48,1.69,28.6,1.2,0.72,0.12,0.6,0.0,1.08,1.2,0.0,,32.8,1.81,5.9,13.7,13.1,1.93,32.8,1.2,0.0,0.0,0.96,80.0,21.0,98.3,46.9,1.69,0.6,0.72,1.33,1.2,22.7,5.78,,0.24,0.0,0.0,1.08,1.08,0.48,1.81,0.0,0.48,0.12,0.0,0.0,3.49,0.72,1.69,30.0,744,OK,-0.6891236667735602,6.8181818181818175,-0.6004816788081365,11.538461538461538,10.227272727272728,44.0,26.0,OK
Kasey McAteer,leicester city,NON_ST,INSIDE_FORWARD,310,ie IRL,FW,22.0,2001.0,18,9,852,9.5,0.11,0.11,0.21,0.11,0.0,0.0,0.32,0.0,0.11,0.11,0.07,0.18,2.0,1.47,7.47,0.11,0.11,0.21,0.11,0.21,0.11,0.08,0.18,0.11,0.18,FW,0.11,1.37,0.74,53.8,1.37,0.74,0.08,0.14,16.4,0.0,0.0,0.0,0.11,0.11,0.08,0.0,0.0,,19.3,26.5,72.6,269.1,64.5,12.4,14.7,84.3,5.68,7.58,75.0,0.63,1.26,50.0,0.11,0.07,0.06,0.03,0.95,1.37,0.63,0.21,1.47,,26.5,25.4,0.74,0.0,0.0,0.0,2.21,0.74,0.0,0.0,0.0,0.0,19.3,0.42,1.37,,2.11,2.11,1.89,0.0,0.0,0.0,0.21,0.0,0.21,0.21,0.11,0.0,0.0,0.0,0.11,0.0,,2.42,1.68,1.16,0.95,0.32,1.47,3.05,48.3,1.58,1.89,0.21,1.68,0.53,2.95,1.58,0.0,,39.9,2.21,8.0,14.8,17.8,3.16,39.9,2.63,0.63,24.0,1.58,60.0,23.6,153.2,60.5,2.0,1.16,0.95,2.11,1.68,25.6,7.47,,0.32,0.0,0.0,1.89,1.58,0.32,2.21,0.53,1.68,0.0,0.0,0.0,4.74,1.37,1.79,43.3,852,OK,-0.3917647881484213,22.727272727272727,-0.29303607812104915,26.923076923076923,25.757575757575758,44.0,26.0,OK
Darwin Núñez,liverpool,ST,ST_RUNNER,336,uy URU,FW,25.0,1999.0,30,8,1133,12.6,0.4,0.16,0.56,0.4,0.0,0.0,0.63,0.0,0.46,0.46,0.1,0.56,1.83,2.14,6.19,0.4,0.16,0.56,0.4,0.56,0.46,0.1,0.57,0.46,0.57,FW,0.4,2.7,1.03,38.2,2.7,1.03,0.15,0.38,14.3,0.0,0.0,0.0,0.46,0.46,0.17,-0.06,-0.06,,12.9,18.3,70.9,189.7,46.6,7.06,8.81,80.2,3.81,5.16,73.8,1.03,1.59,65.0,0.16,0.1,0.04,0.06,0.87,0.71,0.24,0.08,2.14,,18.3,17.9,0.32,0.0,0.08,0.48,0.24,0.16,0.0,0.0,0.0,0.0,12.9,0.08,1.03,,2.46,2.46,1.67,0.0,0.32,0.08,0.16,0.24,0.32,0.32,0.24,0.0,0.0,0.0,0.08,0.0,,1.67,1.43,0.87,0.32,0.48,0.56,1.43,38.9,0.87,0.48,0.0,0.48,0.32,1.98,0.95,0.0,,29.0,0.79,3.57,9.68,16.7,5.87,29.0,1.83,0.63,34.8,1.11,60.9,16.0,84.4,45.1,1.83,1.51,0.95,1.9,1.67,19.7,6.19,,0.63,0.0,0.0,2.14,1.11,0.95,0.24,0.32,1.43,0.08,0.0,0.0,3.25,1.59,2.62,37.7,1133,OK,0.6232091754158114,80.48780487804879,0.04404928339791673,71.42857142857143,76.75753228120517,41.0,7.0,OK
Diogo Jota,liverpool,ST,ST_LINK,337,pt POR,FW,27.0,1996.0,26,14,1196,13.3,0.45,0.23,0.68,0.45,0.0,0.0,0.15,0.0,0.59,0.59,0.14,0.74,2.78,2.56,6.62,0.45,0.23,0.68,0.45,0.68,0.6,0.14,0.74,0.6,0.74,FW,0.45,3.83,0.98,25.5,3.84,0.98,0.12,0.46,12.4,0.0,0.0,0.0,0.59,0.59,0.16,-0.14,-0.14,,16.2,23.3,69.7,249.1,62.3,8.5,11.1,76.9,5.94,7.82,76.0,0.98,1.73,56.5,0.23,0.14,0.08,0.09,0.83,2.18,0.23,0.08,2.56,,23.3,22.9,0.23,0.0,0.08,0.15,0.6,0.08,0.0,0.0,0.0,0.0,16.2,0.15,1.13,,2.78,2.79,1.8,0.0,0.45,0.38,0.08,0.08,0.68,0.68,0.38,0.0,0.15,0.08,0.08,0.0,,1.05,0.6,0.15,0.6,0.3,0.53,1.43,36.8,0.9,0.68,0.0,0.68,0.6,1.65,0.45,0.0,,36.5,0.45,2.63,14.9,19.5,7.29,36.5,2.48,0.83,33.3,1.5,60.6,19.8,112.8,59.8,2.78,1.73,1.58,3.01,1.65,25.0,6.62,,0.15,0.0,0.0,1.73,1.05,0.08,0.6,0.6,0.6,0.08,0.0,0.0,3.08,1.65,2.41,40.7,1196,OK,1.2129833950074989,97.5609756097561,0.28316177795161107,75.0,91.11498257839722,41.0,4.0,LOW_SAMPLE
Cody Gakpo,liverpool,NON_ST,WIDE_WINGER,338,nl NED,FW,25.0,1999.0,35,23,1935,21.5,0.47,0.19,0.65,0.47,0.0,0.0,0.23,0.0,0.33,0.33,0.2,0.53,2.74,2.42,12.9,0.47,0.19,0.65,0.47,0.65,0.33,0.2,0.53,0.33,0.53,FW,0.47,2.65,1.02,38.6,2.65,1.02,0.18,0.45,15.1,0.0,0.0,0.0,0.33,0.33,0.12,0.13,0.13,,22.3,29.5,75.7,319.5,77.0,13.9,16.0,86.9,6.93,10.5,66.2,0.88,1.67,52.8,0.19,0.2,0.18,-0.02,1.77,1.12,1.26,0.37,2.42,,29.5,28.7,0.74,0.19,0.14,0.19,3.44,0.51,0.05,0.0,0.0,0.0,22.3,0.09,0.47,,3.72,3.72,2.65,0.0,0.42,0.33,0.23,0.09,0.37,0.37,0.14,0.0,0.14,0.05,0.05,0.0,,1.3,0.74,0.28,0.6,0.42,0.6,1.16,52.0,0.56,1.07,0.14,0.93,0.56,1.86,0.88,0.05,,41.3,1.3,4.23,12.0,25.9,5.12,41.3,2.84,1.44,50.8,0.98,34.4,28.1,200.9,102.7,2.74,1.58,1.3,2.09,1.12,31.5,12.9,,0.23,0.0,0.0,0.93,1.44,0.23,3.44,0.56,0.74,0.05,0.0,0.0,3.58,0.79,1.21,39.5,1935,OK,0.047750249558165904,59.09090909090909,0.15220031606709908,66.66666666666666,63.96103896103895,44.0,18.0,OK
Luis Díaz,liverpool,NON_ST,INSIDE_FORWARD,339,co COL,FW,27.0,1997.0,36,28,2399,26.7,0.49,0.19,0.67,0.49,0.0,0.0,0.07,0.0,0.45,0.45,0.19,0.64,4.04,4.12,11.0,0.49,0.19,0.68,0.49,0.68,0.45,0.19,0.64,0.45,0.64,FW,0.49,2.66,1.12,42.3,2.66,1.13,0.18,0.43,13.4,0.0,0.0,0.0,0.45,0.45,0.17,0.04,0.04,,27.6,32.7,84.2,441.5,94.9,14.8,16.7,88.5,9.51,11.0,86.1,2.25,2.77,81.1,0.19,0.19,0.17,0.0,2.1,1.8,1.72,0.22,4.12,,32.7,32.0,0.64,0.07,0.07,0.34,1.2,0.52,0.04,0.0,0.0,0.0,27.6,0.07,0.9,,4.38,4.39,3.3,0.0,0.6,0.34,0.15,0.0,0.6,0.6,0.49,0.0,0.04,0.0,0.07,0.0,,1.46,0.97,0.49,0.75,0.22,0.56,1.46,38.5,0.9,0.71,0.0,0.71,0.26,1.72,0.26,0.04,,44.3,0.64,3.37,15.3,26.4,6.25,44.3,4.34,1.99,45.7,1.91,44.0,29.2,213.9,110.9,4.04,2.06,2.1,2.06,1.84,34.9,11.0,,0.07,0.0,0.0,1.8,1.16,0.37,1.2,0.26,0.97,0.07,0.0,0.0,3.93,0.49,1.42,25.5,2399,OK,0.18472556455342856,65.9090909090909,0.20959445363630685,65.38461538461539,65.53030303030303,44.0,26.0,OK
Mohamed Salah,liverpool,NON_ST,INSIDE_FORWARD,335,eg EGY,FW,32.0,1992.0,38,38,3371,37.5,0.77,0.48,1.25,0.53,0.24,0.24,0.03,0.0,0.67,0.49,0.38,0.86,4.13,3.84,13.0,0.77,0.48,1.25,0.53,1.01,0.67,0.38,1.05,0.49,0.87,FW,0.77,3.23,1.33,41.3,3.23,1.33,0.17,0.4,14.5,0.03,0.24,0.24,0.67,0.49,0.15,0.1,0.05,,23.8,33.7,70.6,355.8,104.5,13.4,16.0,83.4,8.05,11.5,69.7,1.57,2.67,59.0,0.48,0.38,0.24,0.1,2.35,1.41,2.48,0.4,3.84,,33.7,32.7,0.8,0.19,0.51,0.08,2.11,0.61,0.0,0.0,0.0,0.0,23.8,0.16,1.65,,4.51,4.51,3.28,0.05,0.59,0.37,0.13,0.08,0.72,0.72,0.53,0.0,0.13,0.05,0.0,0.0,,0.56,0.29,0.19,0.13,0.24,0.21,0.45,47.1,0.24,0.32,0.0,0.32,0.24,0.8,0.13,0.0,,45.2,0.29,2.59,13.3,29.8,9.49,45.0,3.65,1.55,42.3,1.92,52.6,30.7,184.2,98.7,4.13,1.57,3.39,3.09,1.79,37.5,13.0,,0.03,0.0,0.0,0.67,1.04,0.48,2.11,0.24,0.29,0.0,0.0,0.0,2.69,0.24,0.37,39.1,3371,OK,0.6066489816877834,88.63636363636364,0.6192786448198364,88.46153846153845,88.51010101010101,44.0,26.0,OK
Federico Chiesa,liverpool,NON_ST,WIDE_WINGER,340,it ITA,FW,26.0,1997.0,6,1,108,1.2,0.0,0.0,0.0,0.0,0.0,0.0,0.0,0.0,0.25,0.25,0.17,0.42,2.5,2.5,5.83,0.0,0.0,0.0,0.0,0.0,0.28,0.15,0.43,0.28,0.43,FW,0.0,4.17,1.67,40.0,4.17,1.67,0.0,0.0,20.4,0.0,0.0,0.0,0.25,0.25,0.07,-0.25,-0.25,,22.5,25.8,87.1,310.8,109.2,14.2,15.0,94.4,5.0,6.67,75.0,1.67,1.67,100.0,0.0,0.17,0.17,-0.17,1.67,3.33,0.83,0.0,2.5,,25.8,25.0,0.83,0.0,0.0,0.0,1.67,0.83,0.0,0.0,0.0,0.0,22.5,0.0,0.83,,5.0,5.0,5.0,0.0,0.0,0.0,0.0,0.0,0.83,0.83,0.83,0.0,0.0,0.0,0.0,0.0,,0.83,0.0,0.0,0.83,0.0,0.0,1.67,0.0,1.67,0.83,0.0,0.83,0.0,0.83,0.83,0.83,,38.3,1.67,8.33,12.5,17.5,3.33,38.3,1.67,0.0,0.0,1.67,100.0,25.8,108.3,48.3,2.5,0.83,0.83,2.5,3.33,27.5,5.83,,0.0,0.0,0.0,2.5,1.67,0.0,1.67,0.0,0.0,0.0,0.0,0.0,5.0,0.0,3.33,0.0,108,LOW_MIN,-0.4213016452273068,18.181818181818183,-0.6824609598339723,5.555555555555555,10.064935064935066,44.0,18.0,OK
Erling Haaland,manchester city,ST,ST_FINISHER,368,no NOR,FW,24.0,2000.0,31,31,2736,30.4,0.72,0.1,0.82,0.63,0.1,0.13,0.07,0.0,0.72,0.62,0.1,0.72,0.79,0.66,4.08,0.72,0.1,0.82,0.62,0.72,0.72,0.1,0.82,0.62,0.72,FW,0.72,3.42,1.81,52.9,3.42,1.81,0.18,0.35,12.3,0.03,0.1,0.13,0.72,0.62,0.19,0.0,0.01,,8.39,12.5,66.9,101.5,19.5,5.76,8.09,71.1,1.94,2.76,70.2,0.13,0.2,66.7,0.1,0.1,0.07,0.0,0.95,0.33,0.26,0.03,0.66,,12.5,12.2,0.23,0.0,0.03,0.0,0.1,0.03,0.0,0.0,0.0,0.0,8.39,0.07,0.33,,2.34,2.34,1.68,0.0,0.26,0.33,0.07,0.0,0.3,0.3,0.2,0.0,0.07,0.03,0.0,0.0,,0.36,0.2,0.1,0.1,0.16,0.1,0.26,37.5,0.16,0.39,0.03,0.36,0.16,0.53,0.76,0.0,,21.0,0.72,1.32,7.3,12.6,6.25,20.9,1.18,0.43,36.1,0.66,55.6,10.2,49.1,19.0,0.79,0.49,0.76,1.48,0.89,15.7,4.08,,0.07,0.0,0.0,0.79,0.43,0.13,0.1,0.16,0.2,0.0,0.0,0.0,1.12,1.88,1.64,53.3,2736,OK,0.5991792446343533,75.60975609756098,0.9496706101054061,96.66666666666667,91.40243902439025,41.0,30.0,OK
Claudio Echeverri,manchester city,ST,ST_FINISHER,369,ar ARG,FW,18.0,2006.0,1,0,6,0.1,0.0,0.0,0.0,0.0,0.0,0.0,0.0,0.0,0.0,0.0,0.0,0.0,0.0,10.0,10.0,0.0,0.0,0.0,0.0,0.0,0.0,0.0,0.0,0.0,0.0,FW,0.0,0.0,0.0,,0.0,0.0,,,,0.0,0.0,0.0,0.0,0.0,,0.0,0.0,,30.0,30.0,100.0,260.0,180.0,10.0,10.0,100.0,10.0,10.0,100.0,0.0,0.0,,0.0,0.0,0.0,0.0,0.0,0.0,0.0,0.0,10.0,,30.0,30.0,0.0,0.0,0.0,0.0,0.0,0.0,0.0,0.0,0.0,0.0,30.0,0.0,0.0,,0.0,0.0,0.0,0.0,0.0,0.0,0.0,0.0,0.0,0.0,0.0,0.0,0.0,0.0,0.0,0.0,,10.0,0.0,0.0,10.0,0.0,10.0,10.0,100.0,0.0,0.0,0.0,0.0,0.0,10.0,0.0,0.0,,30.0,0.0,0.0,20.0,10.0,0.0,30.0,0.0,0.0,,0.0,,30.0,280.0,120.0,0.0,0.0,0.0,0.0,10.0,30.0,10.0,,0.0,0.0,0.0,0.0,0.0,0.0,0.0,0.0,0.0,0.0,0.0,0.0,10.0,0.0,0.0,,6,LOW_MIN,-0.8211502341186454,17.073170731707318,-0.6175866416872655,23.333333333333332,21.76829268292683,41.0,30.0,OK
Oscar Bobb,manchester city,NON_ST,INSIDE_FORWARD,370,no NOR,FW,21.0,2003.0,3,0,16,0.2,0.0,0.0,0.0,0.0,0.0,0.0,0.0,0.0,0.0,0.0,0.5,0.5,5.0,5.0,5.0,0.0,0.0,0.0,0.0,0.0,0.0,0.41,0.41,0.0,0.41,FW,0.0,0.0,0.0,,0.0,0.0,,,,0.0,0.0,0.0,0.0,0.0,,0.0,0.0,,65.0,75.0,86.7,845.0,165.0,40.0,50.0,80.0,20.0,20.0,100.0,0.0,0.0,,0.0,0.5,0.0,-0.5,5.0,0.0,5.0,0.0,5.0,,75.0,70.0,5.0,0.0,0.0,0.0,0.0,0.0,0.0,0.0,0.0,0.0,65.0,0.0,0.0,,10.0,11.25,5.0,0.0,5.0,0.0,0.0,0.0,0.0,0.0,0.0,0.0,0.0,0.0,0.0,0.0,,0.0,0.0,0.0,0.0,0.0,0.0,0.0,,0.0,0.0,0.0,0.0,0.0,0.0,0.0,0.0,,75.0,0.0,10.0,30.0,35.0,0.0,75.0,10.0,10.0,100.0,0.0,0.0,50.0,335.0,160.0,5.0,0.0,0.0,0.0,0.0,65.0,5.0,,0.0,0.0,0.0,0.0,5.0,0.0,0.0,0.0,0.0,0.0,0.0,0.0,10.0,0.0,0.0,,16,LOW_MIN,-1.0076909608425237,2.272727272727273,-0.938845164153995,3.8461538461538463,3.409090909090909,44.0,26.0,OK
Divin Mubama,manchester city,ST,ST_FINISHER,367,eng ENG,FW,19.0,2004.0,1,0,28,0.3,0.0,0.0,0.0,0.0,0.0,0.0,0.0,0.0,0.0,0.0,0.0,0.0,0.0,3.33,0.0,0.0,0.0,0.0,0.0,0.0,0.12,0.0,0.12,0.12,0.12,FW,0.0,3.33,0.0,0.0,3.21,0.0,0.0,,17.2,0.0,0.0,0.0,0.0,0.0,0.04,0.0,0.0,,6.67,10.0,66.7,146.7,60.0,3.33,3.33,100.0,0.0,0.0,,3.33,3.33,100.0,0.0,0.0,0.0,0.0,0.0,0.0,0.0,0.0,3.33,,10.0,10.0,0.0,0.0,0.0,0.0,0.0,0.0,0.0,0.0,0.0,0.0,6.67,0.0,3.33,,0.0,0.0,0.0,0.0,0.0,0.0,0.0,0.0,0.0,0.0,0.0,0.0,0.0,0.0,0.0,0.0,,0.0,0.0,0.0,0.0,0.0,0.0,0.0,,0.0,0.0,0.0,0.0,0.0,0.0,0.0,0.0,,16.7,0.0,0.0,6.67,10.0,3.33,16.7,0.0,0.0,,0.0,,6.67,46.7,0.0,0.0,0.0,0.0,0.0,3.33,10.0,0.0,,0.0,0.0,0.0,0.0,0.0,0.0,0.0,0.0,0.0,0.0,0.0,0.0,3.33,0.0,3.33,0.0,28,LOW_MIN,-1.1984453913999065,12.195121951219512,-0.9988045054158058,20.0,18.048780487804876,41.0,30.0,OK
Rasmus Højlund,manchester utd,ST,ST_FINISHER,401,dk DEN,FW,21.0,2003.0,32,23,2004,22.3,0.18,0.0,0.18,0.18,0.0,0.0,0.09,0.0,0.24,0.24,0.08,0.32,1.26,0.81,4.53,0.18,0.0,0.18,0.18,0.18,0.24,0.08,0.32,0.24,0.32,FW,0.18,1.43,0.58,40.6,1.44,0.58,0.13,0.31,12.9,0.0,0.0,0.0,0.24,0.24,0.16,-0.06,-0.06,,11.3,15.1,74.7,122.9,21.8,8.21,10.1,81.0,1.88,2.78,67.7,0.18,0.27,66.7,0.0,0.08,0.05,-0.08,0.72,0.63,0.22,0.04,0.81,,15.1,13.9,1.03,0.0,0.09,0.0,0.36,0.0,0.0,0.0,0.0,0.0,11.3,0.13,0.27,,1.52,1.53,0.99,0.0,0.13,0.22,0.18,0.0,0.04,0.04,0.0,0.0,0.0,0.0,0.04,0.0,,0.13,0.04,0.0,0.09,0.04,0.0,0.22,0.0,0.22,0.27,0.0,0.27,0.09,0.22,0.27,0.0,,23.1,0.27,1.61,11.3,10.6,3.32,23.1,1.48,0.4,27.3,0.94,63.6,13.8,68.0,29.4,1.26,0.58,0.76,2.83,1.48,18.3,4.53,,0.09,0.0,0.0,0.76,1.26,0.58,0.36,0.09,0.04,0.04,0.0,0.0,1.57,1.39,4.22,24.8,2004,OK,-0.25569025550581004,29.268292682926827,0.035741150301609736,40.0,37.3170731707317,41.0,30.0,OK
Chidozie Obi-Martin,manchester utd,ST,ST_FINISHER,400,dk DEN,FW,16.0,2007.0,7,1,165,1.8,0.0,0.0,0.0,0.0,0.0,0.0,0.56,0.0,0.39,0.39,0.0,0.39,1.11,0.56,6.67,0.0,0.0,0.0,0.0,0.0,0.36,0.0,0.36,0.36,0.36,FW,0.0,2.78,0.56,20.0,2.73,0.55,0.0,0.0,10.7,0.0,0.0,0.0,0.39,0.39,0.13,-0.39,-0.39,,11.1,13.3,83.3,143.9,27.2,5.56,6.11,90.9,3.89,5.0,77.8,0.56,1.11,50.0,0.0,0.0,0.0,0.0,0.0,0.56,0.0,0.0,0.56,,13.3,12.2,1.11,0.0,0.0,0.0,0.0,0.0,0.0,0.0,0.0,0.0,11.1,0.0,0.0,,1.11,1.09,0.0,0.0,0.56,0.56,0.0,0.0,0.0,0.0,0.0,0.0,0.0,0.0,0.0,0.0,,1.11,0.56,0.0,0.0,1.11,1.11,1.11,100.0,0.0,0.0,0.0,0.0,0.0,1.11,0.56,0.0,,26.1,1.67,3.33,11.7,11.1,5.0,26.1,1.67,0.56,33.3,1.11,66.7,12.2,63.3,27.8,1.11,0.0,0.56,2.78,0.56,16.1,6.67,,0.56,0.0,0.0,1.67,0.56,0.0,0.0,0.0,0.56,0.0,0.0,0.0,5.0,1.11,2.22,33.3,165,LOW_MIN,-0.390664206135158,26.82926829268293,-0.15180403677123636,33.33333333333333,31.707317073170728,41.0,30.0,OK
Harvey Barnes,newcastle utd,NON_ST,INSIDE_FORWARD,424,eng ENG,FW,26.0,1997.0,33,17,1755,19.5,0.46,0.21,0.67,0.46,0.0,0.0,0.0,0.0,0.37,0.37,0.21,0.57,4.77,4.26,9.85,0.46,0.21,0.67,0.46,0.67,0.37,0.2,0.57,0.37,0.57,FW,0.46,3.23,1.03,31.7,3.23,1.03,0.14,0.45,15.1,0.0,0.0,0.0,0.37,0.37,0.11,0.09,0.09,,24.3,31.1,78.1,340.6,102.0,15.5,17.8,86.8,7.64,10.5,73.0,0.72,1.33,53.8,0.21,0.21,0.24,0.0,1.33,1.28,2.1,0.46,4.26,,31.1,30.3,0.77,0.15,0.26,0.05,2.41,0.51,0.1,0.0,0.0,0.0,24.3,0.1,0.87,,3.28,3.27,2.26,0.05,0.36,0.31,0.31,0.0,0.46,0.46,0.31,0.0,0.05,0.05,0.05,0.0,,0.82,0.46,0.21,0.31,0.31,0.15,0.56,27.3,0.41,0.41,0.1,0.31,0.31,1.13,0.77,0.05,,41.5,0.87,4.97,13.2,23.7,6.56,41.5,3.28,1.23,37.5,1.69,51.6,28.8,215.2,126.5,4.77,2.46,2.41,1.69,1.18,33.2,9.85,,0.0,0.0,0.0,0.77,1.13,0.26,2.41,0.31,0.46,0.0,0.0,0.0,2.82,0.31,0.77,28.6,1755,OK,0.29476484825876553,77.27272727272727,0.36632697301247164,80.76923076923077,79.79797979797979,44.0,26.0,OK
Jacob Murphy,newcastle utd,NON_ST,WIDE_WINGER,422,eng ENG,FW,29.0,1995.0,35,31,2360,26.2,0.31,0.46,0.76,0.31,0.0,0.0,0.15,0.0,0.22,0.22,0.34,0.56,3.02,3.17,8.82,0.31,0.46,0.76,0.31,0.76,0.22,0.34,0.56,0.22,0.56,FW,0.31,1.64,0.57,34.9,1.64,0.57,0.19,0.53,18.2,0.0,0.0,0.0,0.22,0.22,0.13,0.09,0.09,,26.3,38.3,68.5,397.4,131.2,15.7,18.5,84.9,8.32,12.2,68.1,1.64,4.16,39.4,0.46,0.34,0.24,0.12,1.6,2.21,1.56,0.57,3.17,,38.3,36.0,2.02,0.19,0.19,0.23,4.58,1.22,0.61,0.04,0.0,0.0,26.3,0.31,1.95,,3.13,3.13,2.48,0.19,0.15,0.11,0.11,0.08,0.57,0.57,0.53,0.0,0.0,0.0,0.04,0.0,,1.07,0.73,0.38,0.46,0.23,0.76,1.68,45.5,0.92,1.18,0.0,1.18,0.5,1.56,1.34,0.04,,48.5,1.03,7.18,18.1,23.7,3.51,48.5,2.63,1.34,50.7,1.18,44.9,28.0,168.5,89.3,3.02,1.53,1.03,1.22,1.41,34.8,8.82,,0.15,0.0,0.0,0.42,0.57,0.11,4.58,0.5,0.73,0.04,0.0,0.0,3.74,0.19,0.61,23.8,2360,OK,0.15019200349709239,63.63636363636363,-0.0048376587700694855,55.55555555555556,58.44155844155844,44.0,18.0,OK
Alexander Isak,newcastle utd,ST,ST_LINK,423,se SWE,FW,24.0,1999.0,34,34,2756,30.6,0.75,0.2,0.95,0.62,0.13,0.13,0.03,0.0,0.66,0.56,0.14,0.71,2.71,2.88,7.09,0.75,0.2,0.95,0.62,0.82,0.66,0.14,0.81,0.56,0.7,FW,0.75,3.1,1.34,43.2,3.1,1.34,0.2,0.46,14.5,0.1,0.13,0.13,0.66,0.56,0.18,0.09,0.06,,17.0,22.5,75.3,242.9,53.7,10.0,11.9,84.1,5.33,6.76,78.7,0.85,1.37,61.9,0.2,0.14,0.12,0.06,1.34,1.14,1.01,0.03,2.88,,22.5,19.8,2.52,0.0,0.2,0.1,0.52,0.29,0.1,0.0,0.0,0.0,17.0,0.2,0.78,,3.01,3.01,2.29,0.03,0.26,0.29,0.07,0.07,0.46,0.46,0.36,0.0,0.03,0.0,0.03,0.03,,0.39,0.16,0.07,0.1,0.23,0.16,0.49,33.3,0.33,0.59,0.07,0.52,0.1,0.49,0.56,0.03,,33.5,0.65,1.86,12.6,19.5,6.18,33.4,2.97,1.37,46.2,1.54,51.6,20.1,121.7,60.8,2.71,1.37,1.41,2.16,1.8,24.2,7.09,,0.03,0.0,0.0,0.88,0.46,0.65,0.52,0.1,0.16,0.03,0.0,0.0,1.8,0.85,1.8,32.1,2756,OK,1.3170585603678262,100.0,0.46957158335456867,100.0,100.0,41.0,4.0,LOW_SAMPLE
William Osula,newcastle utd,NON_ST,INSIDE_FORWARD,421,dk DEN,FW,20.0,2003.0,14,0,134,1.5,0.67,0.0,0.67,0.67,0.0,0.0,0.0,0.0,0.13,0.13,0.07,0.2,3.33,2.67,11.3,0.67,0.0,0.67,0.67,0.67,0.11,0.1,0.21,0.11,0.21,FW,0.67,2.67,0.67,25.0,2.69,0.67,0.25,1.0,13.5,0.0,0.0,0.0,0.13,0.13,0.04,0.53,0.53,,12.0,19.3,62.1,133.3,45.3,9.33,13.3,70.0,2.0,3.33,60.0,0.0,0.67,0.0,0.0,0.07,0.07,-0.07,1.33,1.33,0.67,0.0,2.67,,19.3,18.0,1.33,0.0,0.0,0.0,2.67,0.0,0.0,0.0,0.0,0.0,12.0,0.0,0.0,,2.67,2.69,2.0,0.0,0.0,0.0,0.0,0.67,0.0,0.0,0.0,0.0,0.0,0.0,0.0,0.0,,1.33,0.0,0.67,0.0,0.67,0.0,1.33,0.0,1.33,0.0,0.0,0.0,2.67,4.0,1.33,0.0,,37.3,0.67,2.67,14.0,21.3,5.33,37.3,4.0,2.0,50.0,2.0,50.0,24.7,168.0,84.0,3.33,0.67,1.33,4.67,4.0,28.0,11.3,,0.0,0.0,0.0,2.67,0.67,0.67,2.67,2.67,0.0,0.0,0.0,0.0,1.33,4.0,1.33,75.0,134,LOW_MIN,-0.3116828495865749,27.27272727272727,-0.2260345574367108,30.76923076923077,29.797979797979796,44.0,26.0,OK
Miguel Almirón,newcastle utd,NON_ST,WIDE_WINGER,425,py PAR,FW,30.0,1994.0,9,1,157,1.7,0.0,0.0,0.0,0.0,0.0,0.0,0.0,0.0,0.29,0.29,0.18,0.47,1.76,3.53,10.6,0.0,0.0,0.0,0.0,0.0,0.3,0.15,0.45,0.3,0.45,FW,0.0,3.53,1.18,33.3,3.44,1.15,0.0,0.0,14.2,0.0,0.0,0.0,0.29,0.29,0.09,-0.29,-0.29,,31.8,38.8,81.8,415.9,128.8,22.9,24.7,92.9,7.65,9.41,81.3,0.59,1.76,33.3,0.0,0.18,0.12,-0.18,1.76,1.76,0.59,0.0,3.53,,38.8,37.6,0.59,0.0,0.59,0.0,0.0,0.59,0.0,0.0,0.0,0.0,31.8,0.59,1.18,,4.71,4.59,3.53,0.0,0.59,0.59,0.0,0.0,0.0,0.0,0.0,0.0,0.0,0.0,0.0,0.0,,1.76,1.18,1.18,0.0,0.59,1.18,1.76,66.7,0.59,1.18,0.0,1.18,0.0,1.76,0.0,0.0,,47.6,0.59,5.88,20.6,21.2,5.29,47.6,1.18,0.59,50.0,0.59,50.0,31.8,167.1,54.7,1.76,1.76,1.18,0.0,1.18,34.7,10.6,,0.0,0.0,0.0,0.59,1.76,1.18,0.0,0.0,1.18,0.0,0.0,0.0,2.35,0.0,1.18,0.0,157,LOW_MIN,-0.4221630581973436,15.909090909090908,-0.3168241298046081,22.22222222222222,19.967532467532468,44.0,18.0,OK
Callum Wilson,newcastle utd,ST,ST_FINISHER,420,eng ENG,FW,32.0,1992.0,18,2,370,4.1,0.0,0.0,0.0,0.0,0.0,0.0,0.24,0.0,0.1,0.1,0.02,0.12,1.22,0.98,4.15,0.0,0.0,0.0,0.0,0.0,0.09,0.03,0.12,0.09,0.12,FW,0.0,1.46,0.24,16.7,1.46,0.24,0.0,0.0,15.4,0.0,0.0,0.0,0.1,0.1,0.06,-0.1,-0.1,,9.76,12.9,75.5,122.9,21.7,5.37,6.59,81.5,3.17,3.9,81.3,0.0,0.0,,0.0,0.02,0.02,-0.02,0.73,0.49,0.0,0.0,0.98,,12.9,11.2,1.46,0.0,0.0,0.0,0.49,0.0,0.0,0.0,0.0,0.0,9.76,0.24,0.98,,2.44,2.43,1.71,0.0,0.0,0.24,0.24,0.24,0.0,0.0,0.0,0.0,0.0,0.0,0.0,0.0,,0.49,0.49,0.0,0.24,0.24,0.0,0.49,0.0,0.49,0.49,0.0,0.49,0.24,0.73,0.24,0.0,,23.2,0.24,1.22,13.4,9.27,4.63,23.2,1.71,0.24,14.3,0.98,57.1,11.5,59.3,25.6,1.22,0.98,1.22,3.9,2.93,14.6,4.15,,0.24,0.0,0.0,0.98,0.24,0.73,0.49,0.24,0.49,0.0,0.0,0.0,2.68,0.49,3.9,11.1,370,LOW_MIN,-0.4070277181255924,24.390243902439025,-0.09132371028870692,36.666666666666664,33.59756097560975,41.0,30.0,OK
Chris Wood,nott'ham forest,ST,ST_FINISHER,447,nz NZL,FW,32.0,1991.0,36,35,2959,32.9,0.61,0.09,0.7,0.52,0.09,0.09,0.03,0.0,0.41,0.33,0.08,0.41,0.43,1.28,2.86,0.61,0.09,0.7,0.52,0.61,0.41,0.08,0.49,0.34,0.42,FW,0.61,1.98,0.97,49.2,1.98,0.97,0.26,0.53,13.5,0.0,0.09,0.09,0.41,0.33,0.17,0.2,0.18,,9.57,14.9,64.3,134.8,30.9,5.65,8.27,68.4,2.67,4.07,65.7,0.58,0.79,73.1,0.09,0.08,0.05,0.01,0.67,0.58,0.36,0.03,1.28,,14.9,14.7,0.0,0.0,0.06,0.03,0.03,0.0,0.0,0.0,0.0,0.0,9.57,0.15,0.21,,1.34,1.34,1.09,0.0,0.06,0.12,0.0,0.06,0.15,0.15,0.12,0.0,0.0,0.0,0.0,0.03,,0.18,0.15,0.06,0.06,0.06,0.09,0.33,27.3,0.24,0.36,0.21,0.15,0.15,0.33,0.88,0.03,,23.4,1.22,2.71,11.0,9.79,3.19,23.3,0.4,0.12,30.8,0.24,61.5,11.4,38.9,15.4,0.43,0.33,0.15,2.28,0.85,17.1,2.86,,0.03,0.0,0.0,0.76,0.73,0.85,0.03,0.15,0.15,0.0,0.0,0.0,1.52,2.86,4.35,39.7,2959,OK,0.04132976625629699,43.90243902439025,0.34606597462298566,60.0,55.97560975609756,41.0,30.0,OK
Taiwo Awoniyi,nott'ham forest,ST,ST_FINISHER,448,ng NGA,FW,26.0,1997.0,26,3,416,4.6,0.22,0.0,0.22,0.22,0.0,0.0,0.0,0.0,0.46,0.46,0.02,0.48,1.3,1.52,4.35,0.22,0.0,0.22,0.22,0.22,0.46,0.02,0.48,0.46,0.48,FW,0.22,2.17,0.87,40.0,2.16,0.87,0.1,0.25,12.6,0.0,0.0,0.0,0.46,0.46,0.21,-0.24,-0.24,,13.3,20.9,63.5,153.3,34.1,9.13,12.8,71.2,3.04,5.43,56.0,0.22,1.09,20.0,0.0,0.02,0.02,-0.02,0.43,1.09,0.43,0.0,1.52,,20.9,20.9,0.0,0.0,0.22,0.0,0.43,0.0,0.0,0.0,0.0,0.0,13.3,0.0,0.87,,1.96,1.95,1.09,0.0,0.22,0.43,0.22,0.0,0.22,0.22,0.0,0.0,0.0,0.22,0.0,0.0,,1.3,0.65,0.0,0.65,0.65,0.87,1.09,80.0,0.22,0.22,0.0,0.22,0.0,1.3,1.52,0.0,,36.3,1.09,3.48,17.0,16.1,4.57,36.3,1.96,0.87,44.4,1.09,55.6,19.6,87.4,39.8,1.3,1.09,0.43,4.13,4.13,24.6,4.35,,0.0,0.0,0.0,1.74,2.17,0.22,0.43,0.0,0.65,0.0,0.0,0.0,3.91,2.83,8.26,25.5,416,LOW_MIN,0.20158201606987813,58.536585365853654,0.5064161199553363,76.66666666666667,72.1341463414634,41.0,30.0,OK
Paul Onuachu,southampton,ST,ST_FINISHER,481,ng NGA,FW,30.0,1994.0,25,11,1050,11.7,0.34,0.09,0.43,0.34,0.0,0.0,0.34,0.0,0.31,0.31,0.04,0.35,0.6,1.11,3.42,0.34,0.09,0.43,0.34,0.43,0.31,0.04,0.35,0.31,0.35,FW,0.34,2.91,1.28,44.1,2.91,1.29,0.12,0.27,10.4,0.0,0.0,0.0,0.31,0.31,0.11,0.03,0.03,,13.7,22.5,60.8,195.9,31.2,7.18,11.5,62.7,3.85,5.98,64.3,1.03,1.62,63.2,0.09,0.04,0.03,0.04,0.68,1.11,0.17,0.0,1.11,,22.5,22.3,0.0,0.0,0.0,0.34,0.0,0.0,0.0,0.0,0.0,0.0,13.7,0.17,0.68,,0.77,0.77,0.68,0.0,0.0,0.09,0.0,0.0,0.09,0.09,0.09,0.0,0.0,0.0,0.0,0.0,,0.6,0.17,0.09,0.43,0.09,0.26,0.6,42.9,0.34,0.6,0.17,0.43,0.09,0.68,1.37,0.09,,37.6,1.45,3.85,20.1,13.9,5.73,37.6,2.22,0.68,30.8,1.2,53.8,18.3,73.2,21.2,0.6,0.43,0.17,4.27,3.08,30.6,3.42,,0.34,0.0,0.0,2.39,1.37,0.85,0.0,0.09,0.17,0.0,0.0,0.0,1.62,7.95,5.04,61.2,1050,OK,0.039250117193352876,41.46341463414634,0.3112035498425162,56.666666666666664,52.86585365853659,41.0,30.0,OK
Cameron Archer,southampton,ST,ST_FINISHER,484,eng ENG,FW,23.0,2001.0,35,13,1441,16.0,0.13,0.0,0.13,0.13,0.0,0.06,0.0,0.0,0.36,0.31,0.03,0.34,1.38,0.88,4.13,0.12,0.0,0.12,0.12,0.12,0.36,0.03,0.39,0.31,0.34,FW,0.13,1.75,0.63,35.7,1.75,0.62,0.07,0.2,12.8,0.0,0.0,0.06,0.36,0.31,0.18,-0.23,-0.18,,12.8,15.7,81.7,163.3,22.9,8.19,9.44,86.8,3.38,3.69,91.5,0.31,0.56,55.6,0.0,0.03,0.04,-0.03,0.31,0.44,0.44,0.0,0.88,,15.7,14.4,1.19,0.0,0.13,0.0,0.19,0.0,0.0,0.0,0.0,0.0,12.8,0.06,0.5,,1.25,1.25,0.63,0.0,0.25,0.31,0.06,0.0,0.0,0.0,0.0,0.0,0.0,0.0,0.0,0.0,,0.81,0.5,0.5,0.19,0.13,0.13,0.56,22.2,0.44,0.31,0.06,0.25,0.13,0.94,0.69,0.0,,24.9,1.0,4.31,11.2,9.63,3.25,24.8,2.31,0.94,40.5,1.25,54.1,14.1,73.9,35.3,1.38,0.63,0.88,2.5,1.63,17.1,4.13,,0.0,0.0,0.0,1.0,0.81,0.5,0.19,0.13,0.5,0.0,0.0,0.0,2.19,0.56,1.88,23.1,1441,OK,-0.21948284665020956,36.58536585365854,0.06981361697071929,50.0,46.646341463414636,41.0,30.0,OK
Maxwel Cornet,southampton,NON_ST,INSIDE_FORWARD,482,ci CIV,FW,27.0,1996.0,2,1,72,0.8,0.0,0.0,0.0,0.0,0.0,0.0,1.25,0.0,0.25,0.25,0.0,0.25,1.25,0.0,6.25,0.0,0.0,0.0,0.0,0.0,0.2,0.0,0.2,0.2,0.2,FW,0.0,1.25,0.0,0.0,1.25,0.0,0.0,,18.8,0.0,0.0,0.0,0.25,0.25,0.16,-0.25,-0.25,,21.3,27.5,77.3,327.5,46.3,11.3,12.5,90.0,7.5,10.0,75.0,1.25,2.5,50.0,0.0,0.0,0.0,0.0,0.0,0.0,0.0,0.0,0.0,,27.5,25.0,2.5,0.0,0.0,0.0,3.75,0.0,2.5,2.5,0.0,0.0,21.3,0.0,0.0,,0.0,0.0,0.0,0.0,0.0,0.0,0.0,0.0,0.0,0.0,0.0,0.0,0.0,0.0,0.0,0.0,,6.25,6.25,1.25,5.0,0.0,0.0,5.0,0.0,5.0,0.0,0.0,0.0,0.0,6.25,2.5,0.0,,42.5,1.25,10.0,17.5,16.3,2.5,42.5,1.25,0.0,0.0,1.25,100.0,20.0,91.3,32.5,1.25,0.0,1.25,3.75,0.0,28.8,6.25,,1.25,0.0,0.0,0.0,1.25,1.25,3.75,0.0,6.25,0.0,0.0,0.0,2.5,3.75,0.0,100.0,72,LOW_MIN,-0.26539955383838093,29.545454545454547,-0.22555850176924622,34.61538461538461,33.207070707070706,44.0,26.0,OK
Ross Stewart,southampton,ST,ST_FINISHER,480,sct SCO,FW,28.0,1996.0,12,4,389,4.3,0.23,0.0,0.23,0.23,0.0,0.0,0.23,0.0,0.26,0.26,0.0,0.26,0.7,0.47,2.33,0.23,0.0,0.23,0.23,0.23,0.25,0.0,0.25,0.25,0.25,FW,0.23,2.09,0.47,22.2,2.08,0.46,0.11,0.5,10.8,0.0,0.0,0.0,0.26,0.26,0.12,-0.02,-0.02,,15.6,22.1,70.5,200.2,20.0,7.91,10.5,75.6,5.81,7.44,78.1,0.0,0.23,0.0,0.0,0.0,0.02,0.0,0.0,0.47,0.23,0.0,0.47,,22.1,21.9,0.23,0.23,0.0,0.0,0.0,0.0,0.0,0.0,0.0,0.0,15.6,0.0,0.7,,1.16,1.16,0.23,0.0,0.23,0.47,0.23,0.0,0.0,0.0,0.0,0.0,0.0,0.0,0.0,0.0,,1.4,0.93,0.23,0.23,0.93,0.7,1.86,37.5,1.16,0.7,0.0,0.7,0.23,1.63,1.63,0.0,,32.6,2.09,5.81,12.8,14.4,3.49,32.6,1.16,0.7,60.0,0.47,40.0,14.9,69.3,18.8,0.7,0.0,0.93,1.63,2.09,23.3,2.33,,0.23,0.0,0.0,1.63,1.63,0.23,0.0,0.23,0.93,0.0,0.0,0.0,1.4,3.02,5.35,36.1,389,LOW_MIN,-0.2263464458608486,31.70731707317073,0.051015264812162744,43.333333333333336,40.426829268292686,41.0,30.0,OK
Ben Brereton,southampton,NON_ST,INSIDE_FORWARD,483,cl CHI,FW,25.0,1999.0,10,4,449,5.0,0.0,0.0,0.0,0.0,0.0,0.0,0.2,0.0,0.18,0.18,0.02,0.2,2.4,1.8,8.4,0.0,0.0,0.0,0.0,0.0,0.18,0.02,0.2,0.18,0.2,FW,0.0,2.2,0.2,9.1,2.2,0.2,0.0,0.0,17.3,0.0,0.0,0.0,0.18,0.18,0.08,-0.18,-0.18,,25.6,33.2,77.1,367.2,76.6,16.6,19.0,87.4,7.2,10.6,67.9,1.4,2.2,63.6,0.0,0.02,0.02,-0.02,0.6,1.8,0.4,0.2,1.8,,33.2,32.6,0.4,0.2,0.2,0.0,1.0,0.2,0.0,0.0,0.0,0.0,25.6,0.2,0.6,,1.8,1.8,1.4,0.0,0.0,0.0,0.4,0.0,0.0,0.0,0.0,0.0,0.0,0.0,0.0,0.0,,0.6,0.4,0.0,0.4,0.2,0.2,1.8,11.1,1.6,0.4,0.2,0.2,0.0,0.6,0.8,0.0,,41.2,0.8,3.8,15.2,22.4,4.0,41.2,0.8,0.2,25.0,0.4,50.0,27.2,158.2,78.8,2.4,2.6,0.8,1.8,0.8,34.2,8.4,,0.2,0.0,0.0,0.8,1.6,0.2,1.0,0.0,0.4,0.0,0.0,0.0,3.2,1.8,1.4,56.3,449,LOW_MIN,-0.47738143422515583,13.636363636363635,-0.40968755972431037,23.076923076923077,20.454545454545457,44.0,26.0,OK
Son Heung-min,tottenham,NON_ST,INSIDE_FORWARD,515,kr KOR,FW,32.0,1992.0,30,24,2110,23.4,0.3,0.38,0.68,0.26,0.04,0.09,0.04,0.0,0.31,0.24,0.35,0.59,4.1,4.74,11.3,0.3,0.38,0.68,0.26,0.64,0.31,0.35,0.66,0.24,0.59,FW,0.3,2.35,1.03,43.6,2.35,1.02,0.11,0.25,17.0,0.04,0.04,0.09,0.31,0.24,0.11,-0.01,0.01,,31.2,39.5,78.9,441.1,122.5,19.1,21.3,89.8,8.8,10.9,80.5,1.67,3.46,48.1,0.38,0.35,0.22,0.03,2.14,1.71,2.18,0.26,4.74,,39.5,36.5,2.99,0.64,0.17,0.17,3.33,0.51,1.62,1.07,0.21,0.0,31.2,0.09,1.11,,5.0,4.99,3.72,0.34,0.43,0.3,0.21,0.0,0.64,0.64,0.56,0.0,0.0,0.04,0.04,0.0,,0.73,0.38,0.13,0.34,0.26,0.21,1.15,18.5,0.94,0.47,0.0,0.47,0.21,0.94,0.73,0.04,,48.5,0.68,4.91,15.5,28.5,5.21,48.4,3.55,1.24,34.9,1.75,49.4,32.5,210.0,111.7,4.1,2.09,1.88,1.07,1.37,37.1,11.3,,0.04,0.0,0.0,0.26,1.2,0.51,3.33,0.21,0.38,0.04,0.0,0.0,3.63,0.26,0.51,33.3,2110,OK,0.21592034979202923,68.18181818181817,0.3161886065654257,76.92307692307693,74.49494949494951,44.0,26.0,OK
Brennan Johnson,tottenham,NON_ST,INSIDE_FORWARD,514,wls WAL,FW,23.0,2001.0,33,24,2177,24.2,0.45,0.12,0.58,0.45,0.0,0.0,0.21,0.0,0.43,0.43,0.1,0.52,2.48,2.93,8.14,0.45,0.12,0.58,0.45,0.58,0.43,0.09,0.52,0.43,0.52,FW,0.45,2.23,0.83,37.0,2.23,0.83,0.2,0.55,11.4,0.0,0.0,0.0,0.43,0.43,0.19,0.02,0.02,,18.6,26.4,70.4,245.1,66.6,11.3,14.1,80.4,5.95,7.89,75.4,0.45,1.4,32.4,0.12,0.1,0.08,0.03,0.79,1.03,1.45,0.25,2.93,,26.4,25.8,0.5,0.0,0.0,0.04,2.19,0.5,0.0,0.0,0.0,0.0,18.6,0.08,1.69,,1.9,1.9,1.24,0.0,0.25,0.17,0.21,0.04,0.29,0.29,0.21,0.0,0.04,0.0,0.04,0.0,,1.61,1.07,0.37,0.83,0.41,0.66,1.4,47.1,0.74,1.03,0.12,0.91,0.17,1.78,0.58,0.0,,35.2,0.74,4.05,12.1,19.6,5.17,35.2,1.82,0.79,43.2,0.91,50.0,22.5,121.4,60.3,2.48,0.95,1.45,1.07,0.7,25.9,8.14,,0.21,0.0,0.0,1.12,1.07,0.5,2.19,0.17,1.07,0.08,0.0,0.0,2.6,0.29,0.83,25.9,2177,OK,-0.15266881872472607,40.909090909090914,-0.10752752963768053,50.0,47.474747474747474,44.0,26.0,OK
Dominic Solanke,tottenham,ST,ST_FINISHER,511,eng ENG,FW,26.0,1997.0,27,25,2201,24.5,0.37,0.12,0.49,0.33,0.04,0.04,0.0,0.0,0.44,0.41,0.12,0.53,1.27,1.92,3.59,0.37,0.12,0.49,0.33,0.45,0.45,0.12,0.57,0.41,0.54,FW,0.37,2.41,0.98,40.7,2.41,0.98,0.14,0.33,12.4,0.0,0.04,0.04,0.44,0.41,0.17,-0.08,-0.09,,10.4,14.7,70.6,140.0,38.5,6.29,8.37,75.1,2.78,3.55,78.2,0.49,0.73,66.7,0.12,0.12,0.05,0.0,0.57,1.14,0.37,0.0,1.92,,14.7,13.1,1.55,0.0,0.12,0.04,0.16,0.08,0.0,0.0,0.0,0.0,10.4,0.08,0.61,,1.51,1.51,1.02,0.0,0.0,0.37,0.08,0.04,0.33,0.33,0.24,0.0,0.0,0.04,0.04,0.0,,0.73,0.45,0.04,0.49,0.2,0.16,0.65,25.0,0.49,0.82,0.37,0.45,0.04,0.78,0.94,0.0,,26.7,1.35,3.02,12.2,11.8,4.57,26.7,2.08,0.69,33.3,1.27,60.8,15.7,86.8,34.6,1.27,0.94,0.57,2.82,2.08,18.7,3.59,,0.0,0.0,0.0,1.47,1.47,0.2,0.16,0.04,0.45,0.0,0.0,0.04,1.55,1.88,2.45,43.4,2201,OK,0.23062664189816098,60.97560975609756,0.5629740420605331,80.0,75.2439024390244,41.0,30.0,OK
Mikey Moore,tottenham,NON_ST,WIDE_WINGER,513,eng ENG,FW,16.0,2007.0,10,3,366,4.1,0.0,0.24,0.24,0.0,0.0,0.0,0.0,0.0,0.05,0.05,0.07,0.12,2.93,2.2,9.76,0.0,0.25,0.25,0.0,0.25,0.05,0.08,0.13,0.05,0.13,FW,0.0,0.73,0.0,0.0,0.74,0.0,0.0,,19.5,0.0,0.0,0.0,0.05,0.05,0.07,-0.05,-0.05,,16.3,23.4,69.8,208.0,55.1,10.2,11.0,93.3,4.39,7.32,60.0,0.49,1.71,28.6,0.24,0.07,0.15,0.17,0.73,0.49,1.22,0.24,2.2,,23.4,21.5,1.95,0.0,0.0,0.0,3.9,0.49,1.46,0.73,0.0,0.0,16.3,0.0,1.22,,2.93,2.95,1.71,0.49,0.0,0.24,0.49,0.0,0.49,0.49,0.24,0.0,0.0,0.24,0.0,0.0,,0.49,0.24,0.49,0.0,0.0,0.0,0.98,0.0,0.98,0.49,0.0,0.49,0.24,0.73,0.98,0.0,,34.6,0.98,4.15,10.5,20.2,3.17,34.6,4.15,0.49,11.8,3.17,76.5,25.9,190.5,91.2,2.93,1.46,1.22,2.44,1.71,26.1,9.76,,0.0,0.0,0.0,0.73,1.71,0.73,3.9,0.24,0.24,0.0,0.0,0.0,2.68,0.24,1.46,14.3,366,LOW_MIN,-0.20272541519458848,36.36363636363637,-0.5682409950995547,11.11111111111111,20.12987012987013,44.0,18.0,OK
Richarlison,tottenham,ST,ST_FINISHER,512,br BRA,FW,27.0,1997.0,15,4,504,5.6,0.71,0.18,0.89,0.71,0.0,0.0,0.36,0.0,0.66,0.66,0.16,0.82,1.43,1.96,3.93,0.71,0.18,0.89,0.71,0.89,0.66,0.16,0.82,0.66,0.82,FW,0.71,3.04,1.25,41.2,3.04,1.25,0.24,0.57,9.1,0.0,0.0,0.0,0.66,0.66,0.22,0.05,0.05,,11.1,18.4,60.2,167.3,50.0,5.54,8.04,68.9,3.39,5.71,59.4,1.07,1.61,66.7,0.18,0.16,0.11,0.02,0.71,1.43,0.71,0.36,1.96,,18.4,17.3,1.07,0.18,0.0,0.54,1.25,0.0,0.0,0.0,0.0,0.0,11.1,0.0,1.07,,1.43,1.43,0.89,0.0,0.0,0.36,0.18,0.0,0.18,0.18,0.18,0.0,0.0,0.0,0.0,0.0,,0.89,0.54,0.0,0.71,0.18,0.0,0.54,0.0,0.54,0.18,0.18,0.0,0.0,0.89,1.43,0.0,,30.9,1.43,3.75,15.9,11.4,5.18,30.9,2.86,0.18,6.3,2.5,87.5,15.9,75.7,30.0,1.43,1.43,0.54,1.61,1.43,21.4,3.93,,0.36,0.0,0.0,1.25,2.32,0.54,1.25,0.0,0.54,0.0,0.0,0.0,1.96,1.79,4.11,30.3,504,LOW_MIN,0.6787619545411063,90.2439024390244,1.0061475819310246,100.0,97.5609756097561,41.0,30.0,OK
Mathys Tel,tottenham,NON_ST,WIDE_WINGER,510,fr FRA,FW,19.0,2005.0,13,11,911,10.1,0.2,0.1,0.3,0.1,0.1,0.1,0.2,0.0,0.3,0.22,0.26,0.47,2.77,2.08,7.13,0.2,0.1,0.3,0.1,0.2,0.29,0.25,0.55,0.22,0.47,FW,0.2,2.18,0.79,36.4,2.17,0.79,0.05,0.13,16.0,0.1,0.1,0.1,0.3,0.22,0.1,-0.1,-0.12,,18.3,26.3,69.5,314.1,65.9,8.81,11.1,79.5,7.03,9.6,73.2,1.98,3.37,58.8,0.1,0.26,0.15,-0.16,1.39,1.19,1.39,0.4,2.08,,26.3,24.1,2.18,0.3,0.2,0.1,3.47,0.69,0.79,0.59,0.2,0.0,18.3,0.1,1.19,,2.77,2.77,1.78,0.1,0.3,0.2,0.4,0.0,0.2,0.2,0.1,0.0,0.0,0.0,0.1,0.0,,1.58,0.59,0.5,0.59,0.5,0.5,1.29,38.5,0.79,0.79,0.1,0.69,0.2,1.78,0.79,0.2,,41.0,0.89,5.74,14.9,21.5,3.96,40.9,5.25,1.49,28.3,3.07,58.5,26.3,156.2,79.7,2.77,2.28,1.09,2.77,1.49,27.6,7.13,,0.2,0.0,0.0,1.39,1.58,0.1,3.47,0.2,0.59,0.1,0.0,0.0,3.76,0.4,0.69,36.4,911,OK,0.2499794876300734,70.45454545454545,0.15246079926351022,72.22222222222221,71.59090909090908,44.0,18.0,OK
Evan Ferguson,west ham,NON_ST,INSIDE_FORWARD,541,ie IRL,FW,19.0,2004.0,8,1,156,1.7,0.0,0.0,0.0,0.0,0.0,0.0,0.0,0.0,0.35,0.35,0.18,0.53,0.59,0.59,4.12,0.0,0.0,0.0,0.0,0.0,0.32,0.17,0.5,0.32,0.5,FW,0.0,2.94,0.59,20.0,2.88,0.58,0.0,0.0,17.2,0.0,0.0,0.0,0.35,0.35,0.11,-0.35,-0.35,,16.5,21.8,75.7,220.6,12.4,12.4,15.3,80.8,2.94,4.12,71.4,0.59,1.18,50.0,0.0,0.18,0.18,-0.18,1.18,0.59,0.0,0.0,0.59,,21.8,20.6,0.59,0.0,0.59,0.59,0.0,0.0,0.0,0.0,0.0,0.0,16.5,0.59,0.0,,2.35,2.31,1.18,0.0,0.59,0.59,0.0,0.0,0.0,0.0,0.0,0.0,0.0,0.0,0.0,0.0,,1.76,0.59,0.0,0.59,1.18,0.0,0.0,,0.0,1.18,0.59,0.59,0.59,2.35,0.59,0.0,,38.8,0.59,3.53,17.6,18.2,5.88,38.8,2.94,1.76,60.0,1.18,40.0,18.2,72.4,24.1,0.59,0.59,0.59,4.71,2.94,24.7,4.12,,0.0,0.0,0.0,0.59,1.18,0.0,0.0,0.59,0.59,0.0,0.0,0.0,4.71,2.94,5.88,33.3,156,LOW_MIN,-0.5382936613816343,11.363636363636363,-0.5306317815199121,15.384615384615385,14.267676767676768,44.0,26.0,OK
Niclas Füllkrug,west ham,ST,ST_LINK,540,de GER,FW,31.0,1993.0,18,6,790,8.8,0.34,0.23,0.57,0.34,0.0,0.0,0.23,0.0,0.25,0.25,0.22,0.47,0.8,1.59,3.52,0.34,0.23,0.57,0.34,0.57,0.25,0.22,0.46,0.25,0.46,FW,0.34,1.82,0.8,43.8,1.82,0.8,0.19,0.43,10.3,0.0,0.0,0.0,0.25,0.25,0.14,0.09,0.09,,15.1,22.5,67.2,210.5,35.7,9.43,12.3,76.9,3.98,6.59,60.3,0.8,1.48,53.8,0.23,0.22,0.05,0.01,1.59,1.36,0.57,0.0,1.59,,22.5,21.6,0.8,0.0,0.0,0.23,0.11,0.0,0.0,0.0,0.0,0.0,15.1,0.11,0.8,,2.5,2.5,2.27,0.0,0.0,0.23,0.0,0.0,0.23,0.23,0.11,0.0,0.0,0.11,0.0,0.0,,0.45,0.34,0.0,0.11,0.34,0.34,0.45,75.0,0.11,0.11,0.0,0.11,0.11,0.57,1.82,0.0,,31.5,2.16,3.07,16.1,12.5,4.55,31.5,0.91,0.11,12.5,0.68,75.0,14.0,49.4,24.4,0.8,0.45,0.23,2.05,0.8,23.3,3.52,,0.23,0.0,0.0,2.39,0.68,1.14,0.11,0.11,0.34,0.0,0.0,0.0,2.05,4.43,5.91,42.9,790,OK,0.20012069916453465,56.09756097560976,-0.9750363460714275,25.0,47.21254355400697,41.0,4.0,LOW_SAMPLE
Michail Antonio,west ham,NON_ST,INSIDE_FORWARD,542,jm JAM,FW,34.0,1990.0,14,11,836,9.3,0.11,0.11,0.22,0.11,0.0,0.0,0.11,0.0,0.24,0.24,0.17,0.41,3.12,1.94,6.34,0.11,0.11,0.22,0.11,0.22,0.24,0.17,0.41,0.24,0.41,FW,0.11,2.04,0.43,21.1,2.05,0.43,0.05,0.25,12.6,0.0,0.0,0.0,0.24,0.24,0.12,-0.13,-0.13,,12.3,20.2,60.6,234.7,45.6,5.59,7.74,72.2,3.98,6.67,59.7,2.37,3.33,71.0,0.11,0.17,0.1,-0.06,0.97,1.18,0.65,0.22,1.94,,20.2,18.8,1.18,0.0,0.32,0.65,2.69,0.75,0.0,0.0,0.0,0.0,12.3,0.22,1.51,,2.37,2.37,1.51,0.0,0.11,0.54,0.11,0.11,0.43,0.43,0.0,0.0,0.0,0.43,0.0,0.0,,0.22,0.22,0.0,0.11,0.11,0.22,0.32,66.7,0.11,0.65,0.0,0.65,0.0,0.22,0.22,0.0,,31.8,0.32,2.8,13.3,16.2,3.87,31.8,2.9,0.97,33.3,1.4,48.1,18.6,126.6,74.7,3.12,1.4,0.97,3.76,2.04,23.8,6.34,,0.11,0.0,0.0,1.29,0.75,0.43,2.69,0.0,0.22,0.0,0.0,0.0,2.37,1.83,2.37,43.6,836,OK,-0.2497946092897623,31.818181818181817,-0.147169648570559,38.46153846153847,36.61616161616162,44.0,26.0,OK
Jørgen Strand Larsen,wolves,ST,ST_FINISHER,574,no NOR,FW,24.0,2000.0,35,30,2587,28.7,0.49,0.14,0.63,0.49,0.0,0.0,0.14,0.0,0.36,0.36,0.1,0.46,0.59,1.01,3.9,0.49,0.14,0.63,0.49,0.63,0.36,0.1,0.46,0.36,0.46,FW,0.49,1.88,1.15,61.1,1.88,1.15,0.26,0.42,11.3,0.0,0.0,0.0,0.36,0.36,0.19,0.13,0.13,,10.3,15.9,64.6,133.0,24.3,6.34,8.85,71.7,2.54,3.9,65.2,0.49,0.7,70.0,0.14,0.1,0.03,0.03,0.73,0.66,0.14,0.03,1.01,,15.9,15.4,0.49,0.0,0.03,0.07,0.21,0.0,0.0,0.0,0.0,0.0,10.3,0.0,0.66,,1.46,1.46,1.15,0.03,0.03,0.1,0.07,0.07,0.21,0.21,0.21,0.0,0.0,0.0,0.0,0.0,,0.35,0.21,0.07,0.1,0.17,0.14,0.94,14.8,0.8,0.66,0.14,0.52,0.21,0.56,1.01,0.0,,25.6,1.25,2.96,12.1,10.6,3.76,25.6,0.7,0.28,40.0,0.38,55.0,12.0,41.6,16.2,0.59,0.49,0.31,3.14,1.18,18.6,3.9,,0.14,0.0,0.0,1.6,0.66,0.56,0.21,0.21,0.21,0.0,0.0,0.0,1.46,2.33,3.48,40.1,2587,OK,0.04456707935894223,46.34146341463415,0.3482847042100449,63.33333333333333,59.08536585365854,41.0,30.0,OK
